p_comments_count,p_caption,p_ig_id,p_is_comment_enabled,p_like_count,p_media_type,p_owner,p_shortcode,p_timestamp,p_username,p_views_count,p_location,p_location_id,c_username,c_timestamp,c_text,c_like_count,c_id,c_parent_id
144,,2335357436659587102,True,10150,IMAGE,471188176,CBo2zcjqVge,2020-06-19,twitter,,,,mailen_hemker,2020-06-24 03:00:36,"Twitter, go back to Twitter, you liberal losers!!!",,17893227520541749,
144,,2335357436659587102,True,10150,IMAGE,471188176,CBo2zcjqVge,2020-06-19,twitter,,,,marlenelazoflores,2020-06-24 22:42:24,Bajaron mi cuenta de Twitter,1.0,17848714763177567,
144,,2335357436659587102,True,10150,IMAGE,471188176,CBo2zcjqVge,2020-06-19,twitter,,,,11rawan88,2020-06-25 16:58:24,ÿ™Ÿàÿ™Ÿäÿ± ŸÉŸÑŸÖŸÜŸä ŸÅŸä ÿßŸÑÿÆÿßÿµ,1.0,17878783537681771,
144,,2335357436659587102,True,10150,IMAGE,471188176,CBo2zcjqVge,2020-06-19,twitter,,,,ltosr,2020-06-26 21:22:27,ŸÑŸäŸá ŸäŸÉŸÑÿßÿ®ÿ®ÿ®ÿ® ŸÖÿ≤ŸäŸÜ ÿßŸÑÿßŸÜÿ≥ÿ™ÿß ÿπÿ¥ÿßŸÜ ÿßŸÇÿπÿØ ŸÅŸäŸá ÿÆŸÑÿµÿ™ ŸÉŸÑ ÿßÿ±ŸÇÿßŸÖŸä ŸàÿßŸäŸÖŸäŸÑÿßÿ™Ÿä Ÿàÿ±ÿ®Ÿä ÿ™ÿπÿ®ÿ™ ÿπŸäÿ® ÿ™ŸÇŸÅŸÑŸàŸÜ ÿßŸÑÿ≠ÿ≥ÿßÿ®ÿßÿ™ ŸäÿßÿÆŸä ÿ∑ŸÅÿ¥ŸàŸÜ ÿßŸÑŸÑŸá Ÿäÿ∑ŸÅÿ¥ŸÉŸÖ ÿßŸÜÿ™Ÿà Ÿàÿ®ÿ±ŸÜÿßŸÖÿ¨ŸÉŸÖ ÿßŸÑÿÆÿ±ÿß,,17858327413993613,
144,,2335357436659587102,True,10150,IMAGE,471188176,CBo2zcjqVge,2020-06-19,twitter,,,,ltosr,2020-06-26 21:41:41,ÿµÿØŸÇŸàŸÜŸä ÿßÿ∞ÿß ŸÖÿßÿ±ÿ¨ÿπÿ™Ÿà ÿ≠ÿ≥ÿßÿ®Ÿä ÿ±ÿßÿ≠ ÿ™ÿÆÿ≥ÿ±ŸàŸÜŸä ŸàÿßŸÑŸÑŸá,,18104270248155940,
144,,2335357436659587102,True,10150,IMAGE,471188176,CBo2zcjqVge,2020-06-19,twitter,,,,ltosr,2020-06-26 21:42:57,ŸäÿßÿÆŸä ÿ¨ÿßŸÉ Ÿàÿ¥ŸÅŸäŸÉŸÉŸÉ ÿπŸÑŸÖŸÜŸä ŸÑŸäŸá ÿßŸÜÿ™ ŸÉÿ∞ÿß ŸÜŸÅÿ≥ŸäŸá ŸàŸÖÿ±Ÿäÿ∂ ÿπŸäÿ® ÿßÿ≥ÿ™ÿ≠ ÿπŸÑŸâ Ÿàÿ¨ŸáŸÉ ŸÖŸà ŸÅŸÑŸá ŸàŸÑÿß ŸÇŸàŸá ŸÇÿ≥ŸÖ ÿ®ÿßŸÑŸÑŸá ÿ™ÿπÿßŸÑ ŸÇÿØÿßŸÖŸä ÿ®ÿ≥ ŸÑÿß ÿßŸÑÿπŸÜ ŸàÿßŸÑÿØŸäŸÜŸÉ ŸäÿßŸÉŸÑÿ® ŸàÿπŸÑŸÖŸÉ ÿßŸÑŸÑŸá ÿ≠ŸÇ,,17874103609746939,
144,,2335357436659587102,True,10150,IMAGE,471188176,CBo2zcjqVge,2020-06-19,twitter,,,,ltosr,2020-06-26 21:43:44,ÿ¨ÿßŸÉ ÿßŸÑŸÑŸá ŸÑŸäŸàŸÅŸÇŸÉ,,17893620886537214,
144,,2335357436659587102,True,10150,IMAGE,471188176,CBo2zcjqVge,2020-06-19,twitter,,,,ltosr,2020-06-26 21:43:55,ÿ™ÿ±ÿßŸÖÿ® ÿ®ŸäÿØÿπÿ≥ ÿπŸÑŸäŸÉ ÿµÿØŸÇŸÜŸä,,17889685021568286,
144,,2335357436659587102,True,10150,IMAGE,471188176,CBo2zcjqVge,2020-06-19,twitter,,,,ltosr,2020-06-26 21:44:23,ÿ™ÿ±ÿßŸÖÿ® ÿ™ÿßÿ¨ ÿ±Ÿàÿ≥ŸÜÿß,,17947127443354849,
144,,2335357436659587102,True,10150,IMAGE,471188176,CBo2zcjqVge,2020-06-19,twitter,,,,iamkingyc,2020-06-27 00:15:31,@twitter check dm it‚Äôs an emergency blm,,17863760722919525,
144,,2335357436659587102,True,10150,IMAGE,471188176,CBo2zcjqVge,2020-06-19,twitter,,,,princeofdarkness43,2020-06-27 10:54:10,Coolest boss with good plans,,17852000795115411,
144,,2335357436659587102,True,10150,IMAGE,471188176,CBo2zcjqVge,2020-06-19,twitter,,,,umatu.skye,2020-06-27 15:19:44,Hey may I ask you guys to take down the hashtag telling people to burn gays? I‚Äôm hurt and it‚Äôs been messing with my life. Please..,,17857109315034993,
144,,2335357436659587102,True,10150,IMAGE,471188176,CBo2zcjqVge,2020-06-19,twitter,,,,wagner_chves,2020-06-29 16:09:18,N√£os estou conseguindo acessar minha conta @twitter,,17863970452906971,
144,,2335357436659587102,True,10150,IMAGE,471188176,CBo2zcjqVge,2020-06-19,twitter,,,,markbizzelle_2468,2020-06-29 19:10:38,Mark Twitter,,17845685627238379,
144,,2335357436659587102,True,10150,IMAGE,471188176,CBo2zcjqVge,2020-06-19,twitter,,,,markbizzelle_2468,2020-06-29 19:10:58,Mark LinkedIn business Skype,,18111930043138837,
144,,2335357436659587102,True,10150,IMAGE,471188176,CBo2zcjqVge,2020-06-19,twitter,,,,tweeetzar,2020-06-29 19:38:54,Check out my memes,,18136265587074763,
144,,2335357436659587102,True,10150,IMAGE,471188176,CBo2zcjqVge,2020-06-19,twitter,,,,butwedo,2020-06-30 01:20:32,üî•üî•üî•üî•üî•,1.0,18025890982273285,
144,,2335357436659587102,True,10150,IMAGE,471188176,CBo2zcjqVge,2020-06-19,twitter,,,,patcap10_,2020-06-20 11:25:03,What is left to protest????,8.0,17878557043674001,
144,,2335357436659587102,True,10150,IMAGE,471188176,CBo2zcjqVge,2020-06-19,twitter,,,,christeptep,2020-06-20 12:45:02,üôåüèΩ,2.0,17858522987002051,
144,,2335357436659587102,True,10150,IMAGE,471188176,CBo2zcjqVge,2020-06-19,twitter,,,,alvinthefool,2020-06-20 12:46:03,Twitter has fallen in racist propaganda,36.0,17960512780326216,
144,,2335357436659587102,True,10150,IMAGE,471188176,CBo2zcjqVge,2020-06-19,twitter,,,,iir0bin_xy,2020-06-20 14:21:41,ü§®,2.0,17892658483543083,
144,,2335357436659587102,True,10150,IMAGE,471188176,CBo2zcjqVge,2020-06-19,twitter,,,,nishikarr,2020-06-20 15:32:36,How's that funny.?,2.0,17924363341406751,
144,,2335357436659587102,True,10150,IMAGE,471188176,CBo2zcjqVge,2020-06-19,twitter,,,,tzellll,2020-06-20 15:58:08,animals lives matter,6.0,18109921669191351,
144,,2335357436659587102,True,10150,IMAGE,471188176,CBo2zcjqVge,2020-06-19,twitter,,,,i.n.t.o.k,2020-06-26 02:56:49,@tzellll üëè,,17846200127205367,1.810992166919135e+16
144,,2335357436659587102,True,10150,IMAGE,471188176,CBo2zcjqVge,2020-06-19,twitter,,,,tania.soni,2020-06-20 18:39:49,Follow IG @tania.soni Auto back,2.0,17855143022066621,
144,,2335357436659587102,True,10150,IMAGE,471188176,CBo2zcjqVge,2020-06-19,twitter,,,,_.its.maxim._,2020-06-20 19:45:10,Btw more black people are racist towards whites than whites towards blacks,,18109014160095508,
144,,2335357436659587102,True,10150,IMAGE,471188176,CBo2zcjqVge,2020-06-19,twitter,,,,reubenxjohnson,2020-06-21 01:24:29,@_katie_hopkins_ LET HER BACK ON TWITTER!,2.0,18099176734165706,
144,,2335357436659587102,True,10150,IMAGE,471188176,CBo2zcjqVge,2020-06-19,twitter,,,,ann_josephine,2020-06-21 01:43:42,"I‚Äôm confused? Oh wait I‚Äôll asked all the business owners who‚Äôs business‚Äô were burned, broken into, their inventory stolen, & beaten with 2x4s. Why would anyone respect that??",11.0,18072246196202119,
144,,2335357436659587102,True,10150,IMAGE,471188176,CBo2zcjqVge,2020-06-19,twitter,,,,cesar.novaes,2020-06-21 04:37:51,ü§ô,2.0,18124182340101872,
144,,2335357436659587102,True,10150,IMAGE,471188176,CBo2zcjqVge,2020-06-19,twitter,,,,nataliamartinez9463,2020-06-21 14:49:43,Q buenoüòò,2.0,18145865869059274,
144,,2335357436659587102,True,10150,IMAGE,471188176,CBo2zcjqVge,2020-06-19,twitter,,,,thehackingmind1,2020-06-22 12:53:11,Chuppa Chups,3.0,17901443650492653,
144,,2335357436659587102,True,10150,IMAGE,471188176,CBo2zcjqVge,2020-06-19,twitter,,,,connor_patenaude,2020-06-23 21:09:25,TRUMPPPPPP,5.0,17863476784925466,
144,,2335357436659587102,True,10150,IMAGE,471188176,CBo2zcjqVge,2020-06-19,twitter,,,,sergiodlcl,2020-06-20 03:21:38,Posting this is not enough @twitter,2.0,18114994069125284,
144,,2335357436659587102,True,10150,IMAGE,471188176,CBo2zcjqVge,2020-06-19,twitter,,,,steved732019,2020-06-20 03:53:53,Interesting your only posting favorable blm content ü§î,17.0,17887476964564861,
144,,2335357436659587102,True,10150,IMAGE,471188176,CBo2zcjqVge,2020-06-19,twitter,,,,therealgoldentrashcan,2020-06-20 04:26:04,Americans,2.0,17856447404011933,
144,,2335357436659587102,True,10150,IMAGE,471188176,CBo2zcjqVge,2020-06-19,twitter,,,,ellalynns_pets,2020-06-20 04:52:36,I‚Äôm so tired of hearing about blm and not Becuase I don‚Äôt believe in its becuase it makes me sick we have to go on about it for so long and it hasn‚Äôt even stopped yet üíî,9.0,17853512174063830,
144,,2335357436659587102,True,10150,IMAGE,471188176,CBo2zcjqVge,2020-06-19,twitter,,,,i.n.t.o.k,2020-06-26 02:56:01,@ellalynns_pets its not gonna stop until we get our rights(not trying to be rude),,17876050093732604,1.785351217406383e+16
144,,2335357436659587102,True,10150,IMAGE,471188176,CBo2zcjqVge,2020-06-19,twitter,,,,fxhd_117,2020-06-20 05:10:03,SO PALASTENIAN ARE NOT MATTER??!!,4.0,17845500299210908,
144,,2335357436659587102,True,10150,IMAGE,471188176,CBo2zcjqVge,2020-06-19,twitter,,,,_w_u_l_f_,2020-06-20 05:19:48,Ok,2.0,18135215479074531,
144,,2335357436659587102,True,10150,IMAGE,471188176,CBo2zcjqVge,2020-06-19,twitter,,,,vatsalmehta10,2020-06-20 05:27:26,Do your fkn job twitter,2.0,17892821500536460,
144,,2335357436659587102,True,10150,IMAGE,471188176,CBo2zcjqVge,2020-06-19,twitter,,,,bardock_unbound,2020-06-20 05:57:19,Who said it wasn't??,2.0,17888938024574931,
144,,2335357436659587102,True,10150,IMAGE,471188176,CBo2zcjqVge,2020-06-19,twitter,,,,heyitskhalen,2020-06-20 06:43:17,the racist yt people in these comments chile..,,18122957227110032,
144,,2335357436659587102,True,10150,IMAGE,471188176,CBo2zcjqVge,2020-06-19,twitter,,,,shico.shuten,2020-06-20 07:25:07,"–¢—É–ø–æ–π –≤–æ–Ω—é—á–∏–π Twitter, —É–∂–µ –∏ –≤ –ò–Ω—Å—Ç–∞–≥—Ä–∞–º–µ. –ì–Ω–∏–ª—å—ë —Å–≤–æ—ë –ø—É—Å—Ç–∏–ª, –∫–∞–∫ –∑–∞–µ–±–∞–ª–∏ —ç—Ç–∏ —è–Ω–∫–∏. –ö–∞–∫ –≥–Ω–∏–¥—ã –Ω–∞ –∑–¥–æ—Ä–æ–≤–æ–º —Ç–µ–ª–µ, –ø—ã—Ç–∞—é—Ç—Å—è –≤—Å—ë –≤ –∂–æ–ø—É —É–∫—É—Å–∏—Ç—å. –ù–µ –∑—Ä—è –ó–∞–¥–æ—Ä–Ω–æ–≤ –≥–æ–≤–æ—Ä–∏–ª, –∫–∞–∫–∏–µ –∂–µ –æ–Ω–∏, —Ç—É–ø—ã–µ —ç—Ç–∏ –±–ª—è –∞–º–µ—Ä–∏–∫–∞–Ω—Ü—ã.",3.0,17858825314991920,
144,,2335357436659587102,True,10150,IMAGE,471188176,CBo2zcjqVge,2020-06-19,twitter,,,,shanobie_,2020-06-20 07:33:27,Twitter clearly is black supremacist ü§°üåé,12.0,17850303746135252,
144,,2335357436659587102,True,10150,IMAGE,471188176,CBo2zcjqVge,2020-06-19,twitter,,,,cuttietoychica,2020-06-20 07:43:35,Since when did I start following twitter?,3.0,17888999743574641,
144,,2335357436659587102,True,10150,IMAGE,471188176,CBo2zcjqVge,2020-06-19,twitter,,,,chxrlie.66,2020-06-20 08:37:52,We get the point,5.0,17871238291757025,
144,,2335357436659587102,True,10150,IMAGE,471188176,CBo2zcjqVge,2020-06-19,twitter,,,,_galanovaa_,2020-06-20 09:21:33,ALM*,8.0,17862877276906822,
144,,2335357436659587102,True,10150,IMAGE,471188176,CBo2zcjqVge,2020-06-19,twitter,,,,i.n.t.o.k,2020-06-26 02:56:26,@_galanovaa_ remove yourself,,18093041023169447,1.7862877276906822e+16
144,,2335357436659587102,True,10150,IMAGE,471188176,CBo2zcjqVge,2020-06-19,twitter,,,,autsticandy,2020-06-20 10:22:32,only 3 days? ight,3.0,17877120868698743,
144,,2335357436659587102,True,10150,IMAGE,471188176,CBo2zcjqVge,2020-06-19,twitter,,,,milad_heidaryan,2020-06-20 11:20:38,üëå,2.0,17877299512708967,
144,,2335357436659587102,True,10150,IMAGE,471188176,CBo2zcjqVge,2020-06-19,twitter,,,,mormonscanskatetoo,2020-06-20 01:32:21,"Go back to Twitter, Twitter",28.0,17850820628103662,
144,,2335357436659587102,True,10150,IMAGE,471188176,CBo2zcjqVge,2020-06-19,twitter,,,,andrew.bercik,2020-06-20 01:33:14,"Don't care, didn't ask, plus you're white",62.0,18068232007214643,
144,,2335357436659587102,True,10150,IMAGE,471188176,CBo2zcjqVge,2020-06-19,twitter,,,,spaz6269,2020-06-20 12:03:07,@andrew.bercik black lives matter is a Democratic fund raising scandal,12.0,18104990125178159,1.8068232007214644e+16
144,,2335357436659587102,True,10150,IMAGE,471188176,CBo2zcjqVge,2020-06-19,twitter,,,,andrew.bercik,2020-06-20 14:12:25,"@spaz6269 yes, full of griftors like that clown Shaun King",11.0,17955835816327219,1.8068232007214644e+16
144,,2335357436659587102,True,10150,IMAGE,471188176,CBo2zcjqVge,2020-06-19,twitter,,,,deadpilled,2020-06-20 16:32:40,"@andrew.bercik Tim Wise, and Shaun King were chosen for that very reason. They can talk white people out of alot of money.",2.0,17879397256665506,1.8068232007214644e+16
144,,2335357436659587102,True,10150,IMAGE,471188176,CBo2zcjqVge,2020-06-19,twitter,,,,sam_bond1456,2020-06-21 12:54:47,@andrew.bercik WAIT HES IN IT?,,17887649005583606,1.8068232007214644e+16
144,,2335357436659587102,True,10150,IMAGE,471188176,CBo2zcjqVge,2020-06-19,twitter,,,,andrew.bercik,2020-06-21 12:55:34,@sam_bond1456 ?,,17865904939889548,1.8068232007214644e+16
144,,2335357436659587102,True,10150,IMAGE,471188176,CBo2zcjqVge,2020-06-19,twitter,,,,hi.tranggg,2020-06-20 01:33:16,love,3.0,17848973909127887,
144,,2335357436659587102,True,10150,IMAGE,471188176,CBo2zcjqVge,2020-06-19,twitter,,,,itsrandev,2020-06-20 01:48:05,"what a surprise, people are telling ___ to go back to where they came from",3.0,17873948269738738,
144,,2335357436659587102,True,10150,IMAGE,471188176,CBo2zcjqVge,2020-06-19,twitter,,,,slaughterh0use,2020-06-20 01:53:50,Thanks Twitter üòÇüòÇ,2.0,17870140828818525,
144,,2335357436659587102,True,10150,IMAGE,471188176,CBo2zcjqVge,2020-06-19,twitter,,,,jonjonzz1947,2020-06-20 01:55:37,"Get rid of Twitter. It‚Äôs biased, prejudiced and bans free speech. Try Parler. Better then Twitter!!!!!",98.0,17855887526053686,
144,,2335357436659587102,True,10150,IMAGE,471188176,CBo2zcjqVge,2020-06-19,twitter,,,,o_verrun,2020-06-20 03:16:06,@jonjonzz1947 the only speech it bans is hate speech,8.0,18109614031189217,1.7855887526053686e+16
144,,2335357436659587102,True,10150,IMAGE,471188176,CBo2zcjqVge,2020-06-19,twitter,,,,tom_evans913,2020-06-20 04:22:35,@o_verrun no it‚Äôs bans anything it‚Äôs leftists owners don‚Äôt agree with. Not just hate speech! It should be boycotted. Instagram too but they‚Äôre not as bad,25.0,18108674785093336,1.7855887526053686e+16
144,,2335357436659587102,True,10150,IMAGE,471188176,CBo2zcjqVge,2020-06-19,twitter,,,,patches53,2020-06-20 13:17:57,@jonjonzz1947 and don‚Äôt forget MeWe. Both don‚Äôt censor or track you.,1.0,17877844702720368,1.7855887526053686e+16
144,,2335357436659587102,True,10150,IMAGE,471188176,CBo2zcjqVge,2020-06-19,twitter,,,,das_kuntzleur,2020-06-25 10:24:05,@jonjonzz1947 jack Dorsey needs to be shot,,17877638659707424,1.7855887526053686e+16
144,,2335357436659587102,True,10150,IMAGE,471188176,CBo2zcjqVge,2020-06-19,twitter,,,,thebanana3_gucciturtle,2020-06-20 01:59:47,No,3.0,17872172713772766,
144,,2335357436659587102,True,10150,IMAGE,471188176,CBo2zcjqVge,2020-06-19,twitter,,,,_taylor_10_,2020-06-20 02:00:09,#defundblacklivesmatter,46.0,17849379014149884,
144,,2335357436659587102,True,10150,IMAGE,471188176,CBo2zcjqVge,2020-06-19,twitter,,,,theo_pickering,2020-06-20 11:48:20,@_taylor_10_ what does this even mean???,3.0,17856334460045605,1.7849379014149884e+16
144,,2335357436659587102,True,10150,IMAGE,471188176,CBo2zcjqVge,2020-06-19,twitter,,,,_taylor_10_,2020-06-23 01:25:23,@theo_pickering it means BLM is a fake movement,12.0,17915761465438155,1.7849379014149884e+16
144,,2335357436659587102,True,10150,IMAGE,471188176,CBo2zcjqVge,2020-06-19,twitter,,,,marishaonly2,2020-06-27 02:14:28,@_taylor_10_ the truth is Black Lies Matter !,2.0,17896377895510018,1.7849379014149884e+16
144,,2335357436659587102,True,10150,IMAGE,471188176,CBo2zcjqVge,2020-06-19,twitter,,,,rzcero,2020-06-20 02:41:24,#megusta,2.0,17950557250345098,
144,,2335357436659587102,True,10150,IMAGE,471188176,CBo2zcjqVge,2020-06-19,twitter,,,,m1crog3m,2020-06-20 02:44:04,Twitter has an Instagram and Facebook has a Twitter what--ü§∑,14.0,17928464713390359,
144,,2335357436659587102,True,10150,IMAGE,471188176,CBo2zcjqVge,2020-06-19,twitter,,,,m1crog3m,2020-06-20 02:44:48,@o0binarycode0o Also instagram has a Twitterü§∑,,17878656478676558,1.792846471339036e+16
144,,2335357436659587102,True,10150,IMAGE,471188176,CBo2zcjqVge,2020-06-19,twitter,,,,thediabeticlmao,2020-06-20 02:44:59,Twitter is absolute abomination of an app,87.0,18147287551056239,
144,,2335357436659587102,True,10150,IMAGE,471188176,CBo2zcjqVge,2020-06-19,twitter,,,,spaz6269,2020-06-20 12:02:26,Twitter is a horrible thing,6.0,17864081056886609,1.814728755105624e+16
144,,2335357436659587102,True,10150,IMAGE,471188176,CBo2zcjqVge,2020-06-19,twitter,,,,ok_nice_baby,2020-06-20 03:13:29,K,2.0,18073701604207036,
144,,2335357436659587102,True,10150,IMAGE,471188176,CBo2zcjqVge,2020-06-19,twitter,,,,killerdashthezombie,2020-06-20 01:25:48,"Name a Better Rapper than Me, I'll Wait! ü§î",8.0,17845539770210901,
144,,2335357436659587102,True,10150,IMAGE,471188176,CBo2zcjqVge,2020-06-19,twitter,,,,astro.l14m,2020-06-20 01:26:51,@killerdashthezombie lil Uzi,,17854670156072621,1.78455397702109e+16
144,,2335357436659587102,True,10150,IMAGE,471188176,CBo2zcjqVge,2020-06-19,twitter,,,,no._.bodylikesyou,2020-06-20 01:27:12,@killerdashthezombie @comethazine,1.0,17849872667144116,1.78455397702109e+16
144,,2335357436659587102,True,10150,IMAGE,471188176,CBo2zcjqVge,2020-06-19,twitter,,,,fuckingrod,2020-06-20 01:29:07,@killerdashthezombie ice JJ fish,,18149164897044359,1.78455397702109e+16
144,,2335357436659587102,True,10150,IMAGE,471188176,CBo2zcjqVge,2020-06-19,twitter,,,,vroomo27,2020-06-20 01:31:01,@killerdashthezombie legit anyone else all I hear is mumble,,17844775232232293,1.78455397702109e+16
144,,2335357436659587102,True,10150,IMAGE,471188176,CBo2zcjqVge,2020-06-19,twitter,,,,vroomo27,2020-06-20 01:31:28,@killerdashthezombie well any slightly bigger artist,1.0,17877592540712148,1.78455397702109e+16
144,,2335357436659587102,True,10150,IMAGE,471188176,CBo2zcjqVge,2020-06-19,twitter,,,,tommyslade21,2020-06-20 01:35:37,@killerdashthezombie Every other living thing on this planet,2.0,18145510135034741,1.78455397702109e+16
144,,2335357436659587102,True,10150,IMAGE,471188176,CBo2zcjqVge,2020-06-19,twitter,,,,pizza.rolls3899458,2020-06-20 01:41:57,@killerdashthezombie @tayk47shawty,,17890866553551922,1.78455397702109e+16
144,,2335357436659587102,True,10150,IMAGE,471188176,CBo2zcjqVge,2020-06-19,twitter,,,,samich.jpg,2020-06-20 03:17:19,@killerdashthezombie me,,17956220455334668,1.78455397702109e+16
144,,2335357436659587102,True,10150,IMAGE,471188176,CBo2zcjqVge,2020-06-19,twitter,,,,ok_nice_baby,2020-06-20 03:19:19,"@killerdashthezombie Eminem, dababy, Eazy-e, Logic,snoop dogg,Joyner Lucas, Mac Miller, 2 pac, biggie, TOKYO‚ÄôS REVENGE, ice cube, Kendrick Lamar, Freddie Dredd.

I‚Äôm not hatin on you but is just factual.",1.0,18068957605212312,1.78455397702109e+16
144,,2335357436659587102,True,10150,IMAGE,471188176,CBo2zcjqVge,2020-06-19,twitter,,,,dqnvse,2020-06-20 09:56:53,@killerdashthezombie lil peep,,17889036241575594,1.78455397702109e+16
144,,2335357436659587102,True,10150,IMAGE,471188176,CBo2zcjqVge,2020-06-19,twitter,,,,kingwwort,2020-06-20 10:44:13,@killerdashthezombie literally anybody,4.0,18104751997150206,1.78455397702109e+16
144,,2335357436659587102,True,10150,IMAGE,471188176,CBo2zcjqVge,2020-06-19,twitter,,,,i.n.t.o.k,2020-06-26 02:14:28,@killerdashthezombie i mean i never knew i rapper called me but...,,17881616794642969,1.78455397702109e+16
144,,2335357436659587102,True,10150,IMAGE,471188176,CBo2zcjqVge,2020-06-19,twitter,,,,ben__dalton__,2020-06-20 01:26:17,Go back to Twitter twitter,97.0,17881116094645461,
144,,2335357436659587102,True,10150,IMAGE,471188176,CBo2zcjqVge,2020-06-19,twitter,,,,no._.bodylikesyou,2020-06-20 01:26:30,No one said it wasn‚Äôt ü§£,9.0,17967183850314758,
144,,2335357436659587102,True,10150,IMAGE,471188176,CBo2zcjqVge,2020-06-19,twitter,,,,borderjumpingjared,2020-06-20 01:27:21,Today's Friday and tommorows Saturday üò≥,3.0,17861194603951424,
144,,2335357436659587102,True,10150,IMAGE,471188176,CBo2zcjqVge,2020-06-19,twitter,,,,aydin_ysn.x,2020-06-20 01:28:07,Ne diyon amk,4.0,17847004955171064,
144,,2335357436659587102,True,10150,IMAGE,471188176,CBo2zcjqVge,2020-06-19,twitter,,,,kinglovejoy_,2020-06-20 01:30:43,‚úäüèæ‚úäüèª‚úäüèæ‚úäüèª,2.0,17851716110079923,
144,,2335357436659587102,True,10150,IMAGE,471188176,CBo2zcjqVge,2020-06-19,twitter,,,,sam.mccollough,2020-06-20 01:30:47,twitter on instagramüò≥,4.0,18109658014185906,
144,,2335357436659587102,True,10150,IMAGE,471188176,CBo2zcjqVge,2020-06-19,twitter,,,,davide_gerial,2020-06-20 01:31:15,"6 posts in 3 hours to say the same thing over and over again, why?",44.0,17872554115754058,
144,,2335357436659587102,True,10150,IMAGE,471188176,CBo2zcjqVge,2020-06-19,twitter,,,,i.n.t.o.k,2020-06-26 02:14:08,@davide_gerial why not?,,17931968632386946,1.7872554115754058e+16
56,,2335287532266079286,True,5955,IMAGE,471188176,CBom6NBHkQ2,2020-06-19 00:00:00,twitter,,,,cewekstory,2020-06-19 23:36:55,Impossible üòè,1.0,17844747287224455,
56,,2335287532266079286,True,5955,IMAGE,471188176,CBom6NBHkQ2,2020-06-19 00:00:00,twitter,,,,tillylaawaris,2020-06-19 23:39:07,Twitter is a cult of deception.,24.0,18058833046235038,
56,,2335287532266079286,True,5955,IMAGE,471188176,CBom6NBHkQ2,2020-06-19 00:00:00,twitter,,,,therealmrdudephil,2020-06-19 23:39:37,But they don't see you.,31.0,17861825479946858,
56,,2335287532266079286,True,5955,IMAGE,471188176,CBom6NBHkQ2,2020-06-19 00:00:00,twitter,,,,jonoftheweek,2020-06-20 00:00:43,I bet disabled people can‚Äôt stand people like herüò≠or stand in general,18.0,17864203147882557,
56,,2335287532266079286,True,5955,IMAGE,471188176,CBom6NBHkQ2,2020-06-19 00:00:00,twitter,,,,ghita.____,2020-06-20 15:56:01,@jonoftheweek NO... NO,1.0,17844756926201960,1.7864203147882556e+16
56,,2335287532266079286,True,5955,IMAGE,471188176,CBom6NBHkQ2,2020-06-19 00:00:00,twitter,,,,tsagarson,2020-06-20 00:23:24,Twitter if you post me! I will kill you! Bang bang bang,,17860885624955141,
56,,2335287532266079286,True,5955,IMAGE,471188176,CBom6NBHkQ2,2020-06-19 00:00:00,twitter,,,,da_nielle1723,2020-06-20 00:40:23,I like the message,1.0,17888991331573589,
56,,2335287532266079286,True,5955,IMAGE,471188176,CBom6NBHkQ2,2020-06-19 00:00:00,twitter,,,,x.mariacl,2020-06-20 00:48:51,kkkkkkk,1.0,18098566000165305,
56,,2335287532266079286,True,5955,IMAGE,471188176,CBom6NBHkQ2,2020-06-19 00:00:00,twitter,,,,_w_u_l_f_,2020-06-20 05:20:50,Ok,1.0,17880987259652939,
56,,2335287532266079286,True,5955,IMAGE,471188176,CBom6NBHkQ2,2020-06-19 00:00:00,twitter,,,,vipuppp,2020-06-20 07:13:57,üëçüëçüëç,1.0,17847611165156739,
56,,2335287532266079286,True,5955,IMAGE,471188176,CBom6NBHkQ2,2020-06-19 00:00:00,twitter,,,,milad_heidaryan,2020-06-20 11:20:47,üëå,1.0,17911428952450583,
56,,2335287532266079286,True,5955,IMAGE,471188176,CBom6NBHkQ2,2020-06-19 00:00:00,twitter,,,,madisonst.spamss,2020-06-20 11:44:03,it‚Äôs ok twitter. we‚Äôre one tweet away from solving racism‚ù§Ô∏è,7.0,17891051797537416,
56,,2335287532266079286,True,5955,IMAGE,471188176,CBom6NBHkQ2,2020-06-19 00:00:00,twitter,,,,ray.shuffler,2020-06-20 15:43:12,She did it guys! She solved the world's problem for disable people,5.0,17879485429664114,
56,,2335287532266079286,True,5955,IMAGE,471188176,CBom6NBHkQ2,2020-06-19 00:00:00,twitter,,,,remorse_shadow,2020-06-21 02:10:58,Follow and dm @team.aceu üíôüëÄ,1.0,17891060764548858,
56,,2335287532266079286,True,5955,IMAGE,471188176,CBom6NBHkQ2,2020-06-19 00:00:00,twitter,,,,nawawi9011,2020-06-21 17:04:19,@nawawiachmad192 @nawawiachmad634 @microsoft @android @windows @nawawi9011 @instagram,3.0,17876697718726596,
56,,2335287532266079286,True,5955,IMAGE,471188176,CBom6NBHkQ2,2020-06-19 00:00:00,twitter,,,,jujukinks,2020-06-22 15:46:18,????????????,1.0,17844990932197482,
56,,2335287532266079286,True,5955,IMAGE,471188176,CBom6NBHkQ2,2020-06-19 00:00:00,twitter,,,,supportcrystal,2020-06-23 16:14:45,Hi,1.0,17940570649371810,
56,,2335287532266079286,True,5955,IMAGE,471188176,CBom6NBHkQ2,2020-06-19 00:00:00,twitter,,,,pluviophile1905,2020-06-24 09:44:46,Merhaba arkadasÃßlar tuÃàm duÃànyada basÃßgoÃàsteren bu pandemi suÃàrecinde cÃßogÃÜu insan isÃß ve gelir sƒ±kƒ±ntƒ±sƒ± yasÃßamakta buna ragÃÜmen okudugÃÜumuz uÃàniversitenin ( Lefke Avrupa UÃàniversitesi ) bu suÃàrecÃßte bize destek cÃßƒ±kacagÃÜƒ±nƒ± sanarken malesef yaz okuluna zam yaptƒ±. Fiyatlarƒ±n duÃàsÃßmesi icÃßin Bunu yaparken sizlerinde yardƒ±mƒ±na ihtiyacƒ±mƒ±z var ! BuguÃàn saat 13:00 da Twitter‚Äôda sÃßu Hashtag; #laudesoygunvar ile olacagÃÜƒ±z desteklerinizi bekliyoruz,1.0,17877763324713781,
56,,2335287532266079286,True,5955,IMAGE,471188176,CBom6NBHkQ2,2020-06-19 00:00:00,twitter,,,,iamkingyc,2020-06-27 00:17:34,@twitter check dm üôèüèø,,18057812356241475,
56,,2335287532266079286,True,5955,IMAGE,471188176,CBom6NBHkQ2,2020-06-19 00:00:00,twitter,,,,tweeetzar,2020-06-29 19:39:06,Check out my memes,,17880465637664466,
56,,2335287532266079286,True,5955,IMAGE,471188176,CBom6NBHkQ2,2020-06-19 00:00:00,twitter,,,,butwedo,2020-06-30 01:20:53,üëèüëèüëèüëèüëèüëèüî•üî•üî•üî•,1.0,17854382882081063,
56,,2335287532266079286,True,5955,IMAGE,471188176,CBom6NBHkQ2,2020-06-19 00:00:00,twitter,,,,killerdashthezombie,2020-06-19 23:06:47,"Name a Better Rapper than Me, I'll Wait! ü§î",2.0,17897424685512492,
56,,2335287532266079286,True,5955,IMAGE,471188176,CBom6NBHkQ2,2020-06-19 00:00:00,twitter,,,,zontzoitzontzoit,2020-06-19 23:08:42,@killerdashthezombie literally every rapper-,9.0,17897204311519893,1.7897424685512492e+16
56,,2335287532266079286,True,5955,IMAGE,471188176,CBom6NBHkQ2,2020-06-19 00:00:00,twitter,,,,fake_giveaway,2020-06-19 23:36:10,@killerdashthezombie Ima be real I bet cardi B is better than you and she has someone write her rapsü§°ü§°,5.0,17892029086555056,1.7897424685512492e+16
56,,2335287532266079286,True,5955,IMAGE,471188176,CBom6NBHkQ2,2020-06-19 00:00:00,twitter,,,,al.oyi,2020-06-20 00:40:25,"@killerdashthezombie 69,nicki minaj,cardi b, eminem, ksiolajidebt, deji , logan paul, future, drake, staysolidrocky, gummy bear official, crazy frog,",,17847596837183831,1.7897424685512492e+16
56,,2335287532266079286,True,5955,IMAGE,471188176,CBom6NBHkQ2,2020-06-19 00:00:00,twitter,,,,xblackwindhowls,2020-06-20 05:38:40,@killerdashthezombie anyone alive,2.0,18098452540161883,1.7897424685512492e+16
56,,2335287532266079286,True,5955,IMAGE,471188176,CBom6NBHkQ2,2020-06-19 00:00:00,twitter,,,,noike.chief,2020-06-20 21:06:37,All other disabled people: damn,1.0,17906654476464717,1.7897424685512492e+16
56,,2335287532266079286,True,5955,IMAGE,471188176,CBom6NBHkQ2,2020-06-19 00:00:00,twitter,,,,notkareemsawan_,2020-06-19 23:06:50,I made my Instagram into a game,11.0,17861921959941579,
56,,2335287532266079286,True,5955,IMAGE,471188176,CBom6NBHkQ2,2020-06-19 00:00:00,twitter,,,,wc._qt,2020-06-20 04:25:00,@beginning_of.mazee omg that was amazing,3.0,17880870169637988,1.786192195994158e+16
56,,2335287532266079286,True,5955,IMAGE,471188176,CBom6NBHkQ2,2020-06-19 00:00:00,twitter,,,,sxmuel_0,2020-06-20 10:12:43,@beginning_of.mazee actually worth it,1.0,17867458813863091,1.786192195994158e+16
56,,2335287532266079286,True,5955,IMAGE,471188176,CBom6NBHkQ2,2020-06-19 00:00:00,twitter,,,,elizaoao,2020-06-20 11:30:56,@sxmuel_0 I‚Äôm stuck where do I go after enchanting my stuff,,17859719164983826,1.786192195994158e+16
56,,2335287532266079286,True,5955,IMAGE,471188176,CBom6NBHkQ2,2020-06-19 00:00:00,twitter,,,,sxmuel_0,2020-06-20 18:10:59,@elizaoao into the portal,,18092933710168404,1.786192195994158e+16
56,,2335287532266079286,True,5955,IMAGE,471188176,CBom6NBHkQ2,2020-06-19 00:00:00,twitter,,,,elizaoao,2020-06-20 19:05:07,@sxmuel_0 what portal bruh,,17911880578445054,1.786192195994158e+16
56,,2335287532266079286,True,5955,IMAGE,471188176,CBom6NBHkQ2,2020-06-19 00:00:00,twitter,,,,elizaoao,2020-06-20 19:07:30,@sxmuel_0 nvm found it thx,1.0,17844124229234223,1.786192195994158e+16
56,,2335287532266079286,True,5955,IMAGE,471188176,CBom6NBHkQ2,2020-06-19 00:00:00,twitter,,,,aerrillaga,2020-06-19 23:08:32,With one tweet she solved world problems for diabled people ü§°,52.0,17872104463775396,
56,,2335287532266079286,True,5955,IMAGE,471188176,CBom6NBHkQ2,2020-06-19 00:00:00,twitter,,,,danieltloz_,2020-06-20 03:14:21,@aerrillaga while you did nothing,5.0,17868449179815903,1.7872104463775396e+16
56,,2335287532266079286,True,5955,IMAGE,471188176,CBom6NBHkQ2,2020-06-19 00:00:00,twitter,,,,aerrillaga,2020-06-20 03:21:42,"@danieltloz_ complaining about white liberals like you is way better tho, take out your mask jew ü§°",1.0,17881108267649772,1.7872104463775396e+16
56,,2335287532266079286,True,5955,IMAGE,471188176,CBom6NBHkQ2,2020-06-19 00:00:00,twitter,,,,danieltloz_,2020-06-20 03:32:07,"@aerrillaga ok but you should put a mask on, that ""quarantine look"" ain't it at all. You are a joke lmao",5.0,18020766721301720,1.7872104463775396e+16
56,,2335287532266079286,True,5955,IMAGE,471188176,CBom6NBHkQ2,2020-06-19 00:00:00,twitter,,,,aerrillaga,2020-06-20 03:50:10,"@danieltloz_ good thing is black people is breaking the bones to your kind. Syop pretending you care, you racist juden",,17858847805994247,1.7872104463775396e+16
56,,2335287532266079286,True,5955,IMAGE,471188176,CBom6NBHkQ2,2020-06-19 00:00:00,twitter,,,,shanobie_,2020-06-19 23:10:32,What if they blind tho? ü•¥,5.0,17953401958337309,
56,,2335287532266079286,True,5955,IMAGE,471188176,CBom6NBHkQ2,2020-06-19 00:00:00,twitter,,,,emre.323232,2020-06-19 23:13:50,Hello kizlar atesli bi sohbet icin dm ye 24 santim üî•üî•üî•üî•,,18016985782284720,
56,,2335287532266079286,True,5955,IMAGE,471188176,CBom6NBHkQ2,2020-06-19 00:00:00,twitter,,,,234y_,2020-06-19 23:30:05,‚ù§Ô∏è,1.0,17864217676889406,
309,,2335286453279405529,True,11963,IMAGE,471188176,CBomqgIgDXZ,2020-06-19 00:00:00,twitter,,,,thereal_gio_scaglia,2020-06-20 17:35:32,Okey,,17857359599006279,
309,,2335286453279405529,True,11963,IMAGE,471188176,CBomqgIgDXZ,2020-06-19 00:00:00,twitter,,,,avaldoctor_official,2020-06-20 17:58:37,üôå,,17880994255649703,
309,,2335286453279405529,True,11963,IMAGE,471188176,CBomqgIgDXZ,2020-06-19 00:00:00,twitter,,,,leathereal1,2020-06-20 18:20:42,All black lives matter ‚úäüèº‚úäüèΩ‚úäüèæ,,18146752897011950,
309,,2335286453279405529,True,11963,IMAGE,471188176,CBomqgIgDXZ,2020-06-19 00:00:00,twitter,,,,a_human_named_liam,2020-06-20 19:24:51,simp,,18059389501229126,
309,,2335286453279405529,True,11963,IMAGE,471188176,CBomqgIgDXZ,2020-06-19 00:00:00,twitter,,,,x_meliiii,2020-06-20 20:46:29,We get it,,17857321532005962,
309,,2335286453279405529,True,11963,IMAGE,471188176,CBomqgIgDXZ,2020-06-19 00:00:00,twitter,,,,rounsavallmaryann,2020-06-20 21:38:08,Every life matters,,18134865439073724,
309,,2335286453279405529,True,11963,IMAGE,471188176,CBomqgIgDXZ,2020-06-19 00:00:00,twitter,,,,veee143,2020-06-20 23:10:19,So does white women so does white women so does white women,,17927379874401067,
309,,2335286453279405529,True,11963,IMAGE,471188176,CBomqgIgDXZ,2020-06-19 00:00:00,twitter,,,,viviennethompson,2020-06-20 23:59:47,Black and white women's lives matter,,18109088062131703,
309,,2335286453279405529,True,11963,IMAGE,471188176,CBomqgIgDXZ,2020-06-19 00:00:00,twitter,,,,aidenmooremusic_inc,2020-06-21 00:01:38,‚ÄúThe most disrespected person in America is the black woman. The most unprotected person in America is the black woman. The most neglected person in America is the black woman.‚Äù -Malcom X,,18147425911009937,
309,,2335286453279405529,True,11963,IMAGE,471188176,CBomqgIgDXZ,2020-06-19 00:00:00,twitter,,,,alexshingalaxy,2020-06-21 02:32:07,I think he's only for the girls lol üòÇ,,17937900895374373,
309,,2335286453279405529,True,11963,IMAGE,471188176,CBomqgIgDXZ,2020-06-19 00:00:00,twitter,,,,grant_giguere,2020-06-21 06:47:46,No lives matter,,17879813020661086,
309,,2335286453279405529,True,11963,IMAGE,471188176,CBomqgIgDXZ,2020-06-19 00:00:00,twitter,,,,toodleboop,2020-06-21 14:54:15,My couldn‚Äôt it be all black lives matter lol,,17881215532641370,
309,,2335286453279405529,True,11963,IMAGE,471188176,CBomqgIgDXZ,2020-06-19 00:00:00,twitter,,,,jantcho,2020-06-21 20:12:19,"African lives matter
Venezuelan lives matter
Children lives matter",,17927342743398215,
309,,2335286453279405529,True,11963,IMAGE,471188176,CBomqgIgDXZ,2020-06-19 00:00:00,twitter,,,,jujukinks,2020-06-22 15:47:06,NOW STOP DELETING MY TWEETS WHEN I CLOXK WHITE SUPREMACISTS,,17886426676600482,
309,,2335286453279405529,True,11963,IMAGE,471188176,CBomqgIgDXZ,2020-06-19 00:00:00,twitter,,,,ananda.murmu.3910829,2020-06-24 16:47:02,‚ù§Ô∏èsabyasachi,,17881507225652654,
309,,2335286453279405529,True,11963,IMAGE,471188176,CBomqgIgDXZ,2020-06-19 00:00:00,twitter,,,,butwedo,2020-06-30 01:20:20,üî•üî•üî•üî•üî•üî•üëèüëèüëè‚ù§Ô∏è‚ù§Ô∏è‚ù§Ô∏è,1,17908434649463093,
309,,2335286453279405529,True,11963,IMAGE,471188176,CBomqgIgDXZ,2020-06-19 00:00:00,twitter,,,,kaju.kartik999,2020-06-20 12:25:25,All do tho‚Ä¶,1,18067559749221736,
309,,2335286453279405529,True,11963,IMAGE,471188176,CBomqgIgDXZ,2020-06-19 00:00:00,twitter,,,,thomas_somebody,2020-06-20 12:31:33,Black males be like bruh,,17854580240071902,
309,,2335286453279405529,True,11963,IMAGE,471188176,CBomqgIgDXZ,2020-06-19 00:00:00,twitter,,,,syedsalmanrafiq,2020-06-20 13:45:29,Nice,1,17887521607580204,
309,,2335286453279405529,True,11963,IMAGE,471188176,CBomqgIgDXZ,2020-06-19 00:00:00,twitter,,,,syedsalmanrafiq,2020-06-20 13:45:42,Every person lives matter ‚ù§Ô∏èüî•üòç,2,17862976909907908,
309,,2335286453279405529,True,11963,IMAGE,471188176,CBomqgIgDXZ,2020-06-19 00:00:00,twitter,,,,syedsalmanrafiq,2020-06-20 13:45:53,Every human being lives matter ‚ù§Ô∏è,2,17900402344501354,
309,,2335286453279405529,True,11963,IMAGE,471188176,CBomqgIgDXZ,2020-06-19 00:00:00,twitter,,,,syedsalmanrafiq,2020-06-20 13:46:00,Every colour lives matter,2,17857575607996781,
309,,2335286453279405529,True,11963,IMAGE,471188176,CBomqgIgDXZ,2020-06-19 00:00:00,twitter,,,,syedsalmanrafiq,2020-06-20 13:46:06,Every religion lives matter,2,17862932611924753,
309,,2335286453279405529,True,11963,IMAGE,471188176,CBomqgIgDXZ,2020-06-19 00:00:00,twitter,,,,syedsalmanrafiq,2020-06-20 13:46:22,Every county lives matter,2,18120665938116911,
309,,2335286453279405529,True,11963,IMAGE,471188176,CBomqgIgDXZ,2020-06-19 00:00:00,twitter,,,,syedsalmanrafiq,2020-06-20 13:46:27,Every human being lives matter,2,18098962051163619,
309,,2335286453279405529,True,11963,IMAGE,471188176,CBomqgIgDXZ,2020-06-19 00:00:00,twitter,,,,syedsalmanrafiq,2020-06-20 13:46:39,Every animal lives matter,2,18058606627225143,
309,,2335286453279405529,True,11963,IMAGE,471188176,CBomqgIgDXZ,2020-06-19 00:00:00,twitter,,,,sharrowbeats,2020-06-20 14:41:15,"No matter what gender, what color of skin, every life has its meaning and nobody should be wrongly tortured or even killed",1,18108686920094710,
309,,2335286453279405529,True,11963,IMAGE,471188176,CBomqgIgDXZ,2020-06-19 00:00:00,twitter,,,,aur3m,2020-06-20 15:34:32,@suzanne_mgl pourquoi tu likes √ßa,,17858788723996427,
309,,2335286453279405529,True,11963,IMAGE,471188176,CBomqgIgDXZ,2020-06-19 00:00:00,twitter,,,,aur3m,2020-06-20 15:46:05,T'as pas twitter normalement,,17863258693910295,17858788723996427
309,,2335286453279405529,True,11963,IMAGE,471188176,CBomqgIgDXZ,2020-06-19 00:00:00,twitter,,,,suzanne_mgl,2020-06-20 16:02:45,@aur3m j‚Äôai liker tout mon feed sans regarder,,17860552546944858,17858788723996427
309,,2335286453279405529,True,11963,IMAGE,471188176,CBomqgIgDXZ,2020-06-19 00:00:00,twitter,,,,torrtor_,2020-06-20 17:20:44,The whites are MAD lol,2,18147263029058765,
309,,2335286453279405529,True,11963,IMAGE,471188176,CBomqgIgDXZ,2020-06-19 00:00:00,twitter,,,,katie.jjjj,2020-06-20 17:35:23,this comments section disgusts me,,17846148107188138,
309,,2335286453279405529,True,11963,IMAGE,471188176,CBomqgIgDXZ,2020-06-19 00:00:00,twitter,,,,xmia.unsyx,2020-06-20 07:34:56,"Black men‚Äôs lives also matter, black children‚Äôs lives also matter",2,17851426046118815,
309,,2335286453279405529,True,11963,IMAGE,471188176,CBomqgIgDXZ,2020-06-19 00:00:00,twitter,,,,ughitslucifer,2020-06-20 08:05:36,this comment section disappoints me,5,17844859112229096,
309,,2335286453279405529,True,11963,IMAGE,471188176,CBomqgIgDXZ,2020-06-19 00:00:00,twitter,,,,alekspice,2020-06-20 08:12:22,Except for Skai Jackson's,2,17872812751751867,
309,,2335286453279405529,True,11963,IMAGE,471188176,CBomqgIgDXZ,2020-06-19 00:00:00,twitter,,,,six.paths.ant,2020-06-20 08:27:15,Simp,1,17888969221569404,
309,,2335286453279405529,True,11963,IMAGE,471188176,CBomqgIgDXZ,2020-06-19 00:00:00,twitter,,,,supersouruben,2020-06-20 08:33:22,BLACK LIVES MATTER,2,17869382083814570,
309,,2335286453279405529,True,11963,IMAGE,471188176,CBomqgIgDXZ,2020-06-19 00:00:00,twitter,,,,kieranbeer_,2020-06-20 08:43:22,White mens lives matter,,17902395427484429,
309,,2335286453279405529,True,11963,IMAGE,471188176,CBomqgIgDXZ,2020-06-19 00:00:00,twitter,,,,marlenebrownv,2020-06-20 08:48:33,üåπabsolutely,,17858814241999562,
309,,2335286453279405529,True,11963,IMAGE,471188176,CBomqgIgDXZ,2020-06-19 00:00:00,twitter,,,,lizzylizzy1953,2020-06-20 08:58:07,ALL LIFE MATTERS,,18121599394107963,
309,,2335286453279405529,True,11963,IMAGE,471188176,CBomqgIgDXZ,2020-06-19 00:00:00,twitter,,,,rachelecariaa,2020-06-20 09:23:02,Trueüòò,,17848253420168423,
309,,2335286453279405529,True,11963,IMAGE,471188176,CBomqgIgDXZ,2020-06-19 00:00:00,twitter,,,,ddnka,2020-06-20 10:00:53,y only 5 lines?? We need way more!!!,,17920736149420377,
309,,2335286453279405529,True,11963,IMAGE,471188176,CBomqgIgDXZ,2020-06-19 00:00:00,twitter,,,,world_account_official,2020-06-20 10:30:03,White mans lives matter,,17862986776926507,
309,,2335286453279405529,True,11963,IMAGE,471188176,CBomqgIgDXZ,2020-06-19 00:00:00,twitter,,,,xpozedyew_yt,2020-06-20 10:37:38,Y does with have Instagram and Instagram has Twitter??????!?!!!!!?,,18103986694183156,
309,,2335286453279405529,True,11963,IMAGE,471188176,CBomqgIgDXZ,2020-06-19 00:00:00,twitter,,,,dayton_berg,2020-06-20 10:55:17,SIMP,,17926885825399812,
309,,2335286453279405529,True,11963,IMAGE,471188176,CBomqgIgDXZ,2020-06-19 00:00:00,twitter,,,,aniket08_,2020-06-20 11:00:00,Ae chauda rupay chauda rupay chauda rupay. Kothambir ghya chauda rupayyyy,,17871725590768428,
309,,2335286453279405529,True,11963,IMAGE,471188176,CBomqgIgDXZ,2020-06-19 00:00:00,twitter,,,,sergey.averin.2003,2020-06-20 11:15:53,Everyonelivesmattes,,18038461942260366,
309,,2335286453279405529,True,11963,IMAGE,471188176,CBomqgIgDXZ,2020-06-19 00:00:00,twitter,,,,targetwalm,2020-06-20 12:05:57,YES THEY DO BAYBEEEEEEE ‚úäüèæ,,17885987650605075,
309,,2335286453279405529,True,11963,IMAGE,471188176,CBomqgIgDXZ,2020-06-19 00:00:00,twitter,,,,cytrud,2020-06-20 05:20:17,Quien sigue a twitter en instagram,1,17867590678838054,
309,,2335286453279405529,True,11963,IMAGE,471188176,CBomqgIgDXZ,2020-06-19 00:00:00,twitter,,,,aimanhussain.official,2020-06-20 05:28:40,So mans life doesn't matter??,1,17889044149566984,
309,,2335286453279405529,True,11963,IMAGE,471188176,CBomqgIgDXZ,2020-06-19 00:00:00,twitter,,,,wijayadeni79,2020-06-20 06:19:07,‚ù§Ô∏è‚ù§Ô∏è,1,18147959860027206,
309,,2335286453279405529,True,11963,IMAGE,471188176,CBomqgIgDXZ,2020-06-19 00:00:00,twitter,,,,jonathan_swee19,2020-06-20 06:32:37,So men dont?,2,17967857491309742,
309,,2335286453279405529,True,11963,IMAGE,471188176,CBomqgIgDXZ,2020-06-19 00:00:00,twitter,,,,bent7444,2020-06-20 06:44:41,All women matters also muslim women,1,17879246917664543,
309,,2335286453279405529,True,11963,IMAGE,471188176,CBomqgIgDXZ,2020-06-19 00:00:00,twitter,,,,guagnanopaolo,2020-06-20 07:19:44,Good morning,1,17939490424371290,
309,,2335286453279405529,True,11963,IMAGE,471188176,CBomqgIgDXZ,2020-06-19 00:00:00,twitter,,,,alexstp999,2020-06-20 01:56:58,That's stupid,1,17888790091570148,
309,,2335286453279405529,True,11963,IMAGE,471188176,CBomqgIgDXZ,2020-06-19 00:00:00,twitter,,,,mendez._14,2020-06-20 02:05:55,One race human race one race human race one race human race no nascar one race human race,,18033495382267137,
309,,2335286453279405529,True,11963,IMAGE,471188176,CBomqgIgDXZ,2020-06-19 00:00:00,twitter,,,,jacob_vestal,2020-06-20 02:10:14,Youre late to this party brand,1,17850316190130692,
309,,2335286453279405529,True,11963,IMAGE,471188176,CBomqgIgDXZ,2020-06-19 00:00:00,twitter,,,,adnan._.chattha1,2020-06-20 02:28:09,Human lives matter üíØ Neegas lives never matter üëç,3,17857702052009217,
309,,2335286453279405529,True,11963,IMAGE,471188176,CBomqgIgDXZ,2020-06-19 00:00:00,twitter,,,,moreshadythanu,2020-06-20 03:20:43,@adnan._.chattha1 delete your comment,3,17931192115386830,17857702052009217
309,,2335286453279405529,True,11963,IMAGE,471188176,CBomqgIgDXZ,2020-06-19 00:00:00,twitter,,,,ginnyspowers,2020-06-20 10:20:09,@adnan._.chattha1 @racist_comment_police,,17851392752113443,17857702052009217
309,,2335286453279405529,True,11963,IMAGE,471188176,CBomqgIgDXZ,2020-06-19 00:00:00,twitter,,,,adnan._.chattha1,2020-06-23 08:16:38,@ginnyspowers fok u and police too üòÇ,,18092156095170532,17857702052009217
309,,2335286453279405529,True,11963,IMAGE,471188176,CBomqgIgDXZ,2020-06-19 00:00:00,twitter,,,,levi_j.walker,2020-06-20 02:34:40,SIMP!!!,2,17855900276023448,
309,,2335286453279405529,True,11963,IMAGE,471188176,CBomqgIgDXZ,2020-06-19 00:00:00,twitter,,,,oscar_rodriguez143,2020-06-20 02:43:59,"No lives matter, we're all gonna die",12,17852204144104386,
309,,2335286453279405529,True,11963,IMAGE,471188176,CBomqgIgDXZ,2020-06-19 00:00:00,twitter,,,,pennylynn59,2020-06-20 02:44:09,What about black babies???,2,17844880766225060,
309,,2335286453279405529,True,11963,IMAGE,471188176,CBomqgIgDXZ,2020-06-19 00:00:00,twitter,,,,perocornelius,2020-06-20 02:54:34,simp,1,17855997092054187,
309,,2335286453279405529,True,11963,IMAGE,471188176,CBomqgIgDXZ,2020-06-19 00:00:00,twitter,,,,moreshadythanu,2020-06-20 03:18:29,All black lives matter,2,17860951108959072,
309,,2335286453279405529,True,11963,IMAGE,471188176,CBomqgIgDXZ,2020-06-19 00:00:00,twitter,,,,coltonfox69,2020-06-20 16:37:15,@moreshadythanu not until black women lives matter,,17880190228657705,17860951108959072
309,,2335286453279405529,True,11963,IMAGE,471188176,CBomqgIgDXZ,2020-06-19 00:00:00,twitter,,,,iamhenryspencer,2020-06-20 18:18:55,@coltonfox69 no lives matter,,17915942503438126,17860951108959072
309,,2335286453279405529,True,11963,IMAGE,471188176,CBomqgIgDXZ,2020-06-19 00:00:00,twitter,,,,carteraidt,2020-06-20 03:20:46,Simp,2,17931588952388063,
309,,2335286453279405529,True,11963,IMAGE,471188176,CBomqgIgDXZ,2020-06-19 00:00:00,twitter,,,,bring_it_ondown,2020-06-20 03:50:43,Twitter is a bunch of pandering clowns!,1,17887434631580941,
309,,2335286453279405529,True,11963,IMAGE,471188176,CBomqgIgDXZ,2020-06-19 00:00:00,twitter,,,,therealgoldentrashcan,2020-06-20 04:22:39,"So,people cry about saying everybody matters? Well then nobody matters. Except for animals.",2,18033945670270092,
309,,2335286453279405529,True,11963,IMAGE,471188176,CBomqgIgDXZ,2020-06-19 00:00:00,twitter,,,,fxhd_117,2020-06-20 05:01:07,SO ARE YOU SAYING PALESTINIAN IS NOT MATTER?!,4,17863097638913101,
309,,2335286453279405529,True,11963,IMAGE,471188176,CBomqgIgDXZ,2020-06-19 00:00:00,twitter,,,,tanyawyns,2020-06-20 05:03:55,Y'all realize the word ONLY isn't there right?,1,17856306881015375,
309,,2335286453279405529,True,11963,IMAGE,471188176,CBomqgIgDXZ,2020-06-19 00:00:00,twitter,,,,siyanbola_0,2020-06-20 05:08:42,He said what he said on His TL . Go write yours too on your TL and stop trying to force yours down his throat! BLACK WOMEN LIVES MATTER.,1,17886896467595748,
309,,2335286453279405529,True,11963,IMAGE,471188176,CBomqgIgDXZ,2020-06-19 00:00:00,twitter,,,,tech_guy._,2020-06-20 00:15:09,No,,17916687883432538,
309,,2335286453279405529,True,11963,IMAGE,471188176,CBomqgIgDXZ,2020-06-19 00:00:00,twitter,,,,itsrandev,2020-06-20 00:21:03,"the racism in these comments, and misogyny, disgusting",10,17853279707093876,
309,,2335286453279405529,True,11963,IMAGE,471188176,CBomqgIgDXZ,2020-06-19 00:00:00,twitter,,,,coltonfox69,2020-06-20 16:36:49,@itsrandev I see your a man in the post it said you don‚Äôt matter either. We are on the same side in this battle,,17868588394820534,17853279707093876
309,,2335286453279405529,True,11963,IMAGE,471188176,CBomqgIgDXZ,2020-06-19 00:00:00,twitter,,,,milad_heidaryan,2020-06-20 00:23:43,üëåüëå,1,18103571647154340,
309,,2335286453279405529,True,11963,IMAGE,471188176,CBomqgIgDXZ,2020-06-19 00:00:00,twitter,,,,da_nielle1723,2020-06-20 00:28:45,Ilike the message,,18149254195014538,
309,,2335286453279405529,True,11963,IMAGE,471188176,CBomqgIgDXZ,2020-06-19 00:00:00,twitter,,,,walkingoaktree,2020-06-20 00:48:19,All black lives matter ü§£ü§£ü§£,10,17845433330204052,
309,,2335286453279405529,True,11963,IMAGE,471188176,CBomqgIgDXZ,2020-06-19 00:00:00,twitter,,,,thomaseh03,2020-06-20 01:29:47,"@walkingoaktree all lives in general matter, no matter the race",2,17921225551419230,17845433330204052
309,,2335286453279405529,True,11963,IMAGE,471188176,CBomqgIgDXZ,2020-06-19 00:00:00,twitter,,,,walkingoaktree,2020-06-20 01:46:39,@thomaseh03 lmaoo cute,,18147411478002915,17845433330204052
309,,2335286453279405529,True,11963,IMAGE,471188176,CBomqgIgDXZ,2020-06-19 00:00:00,twitter,,,,thomaseh03,2020-06-20 01:49:20,"@walkingoaktree sorry that i don't worship one race like you do, i treat people as equals, not as gods",4,17859885502985312,17845433330204052
309,,2335286453279405529,True,11963,IMAGE,471188176,CBomqgIgDXZ,2020-06-19 00:00:00,twitter,,,,funkafong,2020-06-20 04:48:59,@thomaseh03 nobody said the other races didn't matter,1,18025471150272963,17845433330204052
309,,2335286453279405529,True,11963,IMAGE,471188176,CBomqgIgDXZ,2020-06-19 00:00:00,twitter,,,,thecarameloreo00,2020-06-20 05:28:18,"@thomaseh03 it's not worshipping one race. It's just white people don't have to be scared for their lives when they walk down the street in a hoodie, or if they're passing by a cop. We are saying Black Lives Matter because White lives already matter. The way America was made was to have white people over everyone else. There is still racism and segregation. We have had to try and even the odds for so long because in America as a whole, black lives don't matter. So in conclusion, All lives can't matter till black lives matter because as of now, our lives don't",4,17880870973644626,17845433330204052
309,,2335286453279405529,True,11963,IMAGE,471188176,CBomqgIgDXZ,2020-06-19 00:00:00,twitter,,,,thomaseh03,2020-06-20 06:27:12,"@thecarameloreo00 you haven't stated one fact, just opinion's. State facts and you could try and make a point but when there are bo facts to back your claims you're simply just wrong. If America is out to get black people then why was obama president for 8 years? Is he not black? You get out of life what you put into it, your race doesn't matter, it's how you were raised and all of that, nothing to do with race. You're taught to be scared of police because it's what you hear around you, it has no factual bias to back up the feeling of being scared around someone who's job is to protect you. It has everything to do upbringing and the culture you surround yourself with, and NOTHING to do with race",1,18013900936287369,17845433330204052
309,,2335286453279405529,True,11963,IMAGE,471188176,CBomqgIgDXZ,2020-06-19 00:00:00,twitter,,,,___jakeandbake___,2020-06-20 06:33:47,"@funkafong It‚Äôs actually overwhelming the amount of people I‚Äôve come across who genuinely think white people aren‚Äôt worth the air they breath. A lot of people are say they don‚Äôt matter,they just aren‚Äôt being called out on it. But still f the police üëÆ‚Äç‚ôÇÔ∏è",1,17879359075662794,17845433330204052
309,,2335286453279405529,True,11963,IMAGE,471188176,CBomqgIgDXZ,2020-06-19 00:00:00,twitter,,,,tywan._,2020-06-20 12:31:10,"@walkingoaktree as a black male, I can say that not all black lives matter.",1,17901230302492157,17845433330204052
309,,2335286453279405529,True,11963,IMAGE,471188176,CBomqgIgDXZ,2020-06-19 00:00:00,twitter,,,,funkafong,2020-06-20 15:01:54,@___jakeandbake___ oh.. üòî what a world we live in,1,17877215944691847,17845433330204052
309,,2335286453279405529,True,11963,IMAGE,471188176,CBomqgIgDXZ,2020-06-19 00:00:00,twitter,,,,walkingoaktree,2020-06-20 15:44:28,@tywan._ nothing matters chief we‚Äôll all die the same way,1,18121703680114015,17845433330204052
309,,2335286453279405529,True,11963,IMAGE,471188176,CBomqgIgDXZ,2020-06-19 00:00:00,twitter,,,,_revol_bautista_,2020-06-20 00:50:00,The withe loves no Matter?üôÑüôÑ,1,18109026358088074,
309,,2335286453279405529,True,11963,IMAGE,471188176,CBomqgIgDXZ,2020-06-19 00:00:00,twitter,,,,moreshadythanu,2020-06-20 03:20:22,@_revol_bautista_ yes but who suffers more with racism?,,17872760788750123,18109026358088074
309,,2335286453279405529,True,11963,IMAGE,471188176,CBomqgIgDXZ,2020-06-19 00:00:00,twitter,,,,iamhenryspencer,2020-06-20 18:19:18,@moreshadythanu irish people,3,17843935520243148,18109026358088074
309,,2335286453279405529,True,11963,IMAGE,471188176,CBomqgIgDXZ,2020-06-19 00:00:00,twitter,,,,mariereveron,2020-06-20 01:03:54,Yeah um who has said the otherwise?,,17861572741948322,
309,,2335286453279405529,True,11963,IMAGE,471188176,CBomqgIgDXZ,2020-06-19 00:00:00,twitter,,,,cosmic_43gaming,2020-06-20 01:11:31,They do?,,18106585906135033,
309,,2335286453279405529,True,11963,IMAGE,471188176,CBomqgIgDXZ,2020-06-19 00:00:00,twitter,,,,ookie___dookie,2020-06-20 01:31:09,no,1,18099531646166704,
309,,2335286453279405529,True,11963,IMAGE,471188176,CBomqgIgDXZ,2020-06-19 00:00:00,twitter,,,,jioaisseupaihach,2020-06-19 23:15:56,Mysoginist,1,18022794163301348,
309,,2335286453279405529,True,11963,IMAGE,471188176,CBomqgIgDXZ,2020-06-19 00:00:00,twitter,,,,fernandocollordemellow,2020-06-19 23:16:22,Not a shred of this woke virtue-signaling helps my black family. If anything it condescends to them.,9,18149672716043012,
309,,2335286453279405529,True,11963,IMAGE,471188176,CBomqgIgDXZ,2020-06-19 00:00:00,twitter,,,,orangemild,2020-06-19 23:16:38,All that for a drop of clout,20,18104655265150875,
309,,2335286453279405529,True,11963,IMAGE,471188176,CBomqgIgDXZ,2020-06-19 00:00:00,twitter,,,,tywan._,2020-06-20 12:31:46,@orangemild simping at its finest,,17934413659372764,18104655265150875
309,,2335286453279405529,True,11963,IMAGE,471188176,CBomqgIgDXZ,2020-06-19 00:00:00,twitter,,,,nathanishere1738,2020-06-20 12:39:05,@orangemild it‚Äôs more than you got,,17867453608862309,18104655265150875
309,,2335286453279405529,True,11963,IMAGE,471188176,CBomqgIgDXZ,2020-06-19 00:00:00,twitter,,,,orangemild,2020-06-20 18:32:26,@nathanishere1738 ok?,,17893821196525009,18104655265150875
309,,2335286453279405529,True,11963,IMAGE,471188176,CBomqgIgDXZ,2020-06-19 00:00:00,twitter,,,,_tosicc,2020-06-19 23:20:51,who said they dont,60,17865982060847336,
309,,2335286453279405529,True,11963,IMAGE,471188176,CBomqgIgDXZ,2020-06-19 00:00:00,twitter,,,,everydayanthems,2020-06-19 23:24:11,@_tosicc The culture...we live in a patriarchy since only men have lead this country.,1,17846429573181696,17865982060847336
309,,2335286453279405529,True,11963,IMAGE,471188176,CBomqgIgDXZ,2020-06-19 00:00:00,twitter,,,,alberrrt999,2020-06-19 23:58:54,"yeah, sure. that's why penalties for women are lower than for men ü§∑üèª‚Äç‚ôÇÔ∏è and a lot of studies proved that more men are payed less than women, and most homeless people are men ü§∑üèª‚Äç‚ôÇÔ∏èü§∑üèª‚Äç‚ôÇÔ∏è. if men rule it's because most people wanted it, that's why there are elections and that's why every single candidate supports different things and wants to do things differently",19,17931509632385775,17865982060847336
309,,2335286453279405529,True,11963,IMAGE,471188176,CBomqgIgDXZ,2020-06-19 00:00:00,twitter,,,,jesse_james02,2020-06-20 00:04:35,@alberrrt999 men also chase the top positions and take bigger risk so yeah agree,8,17869083778829105,17865982060847336
309,,2335286453279405529,True,11963,IMAGE,471188176,CBomqgIgDXZ,2020-06-19 00:00:00,twitter,,,,everydayanthems,2020-06-20 00:13:41,Yikes.,,17869132171835363,17865982060847336
309,,2335286453279405529,True,11963,IMAGE,471188176,CBomqgIgDXZ,2020-06-19 00:00:00,twitter,,,,yolo_riya,2020-06-20 01:44:54,"@_tosicc society, politics, the government",,17848149737176038,17865982060847336
309,,2335286453279405529,True,11963,IMAGE,471188176,CBomqgIgDXZ,2020-06-19 00:00:00,twitter,,,,merciojj,2020-06-19 23:22:13,Let‚Äôs keep this genderless please. I find it stupid how people always find a way to bring gender into this. I thought we were all together,59,18060201214231771,
309,,2335286453279405529,True,11963,IMAGE,471188176,CBomqgIgDXZ,2020-06-19 00:00:00,twitter,,,,kweenkayla_01,2020-06-19 23:30:24,"@merciojj if you really think that black women and men get the same treatment in the media alone, you have a lot to do in terms of education",3,17869269502834174,18060201214231771
309,,2335286453279405529,True,11963,IMAGE,471188176,CBomqgIgDXZ,2020-06-19 00:00:00,twitter,,,,merciojj,2020-06-19 23:32:00,"@kweenkayla_01 that is not the point so don‚Äôt even come at me with the attitude. I‚Äôm just saying that we need to take this one step at the time. Do u think our ancestors were fighting for equal pay when they were slaves? No, first they fought for freedom and then they fought for other human rights.",12,18136430935075910,18060201214231771
309,,2335286453279405529,True,11963,IMAGE,471188176,CBomqgIgDXZ,2020-06-19 00:00:00,twitter,,,,hezzzz.31,2020-06-19 23:58:26,@merciojj üëèüèΩ,3,18057816070235436,18060201214231771
309,,2335286453279405529,True,11963,IMAGE,471188176,CBomqgIgDXZ,2020-06-19 00:00:00,twitter,,,,___jakeandbake___,2020-06-20 03:26:50,@merciojj I feel the same way about race,,17844813212226339,18060201214231771
309,,2335286453279405529,True,11963,IMAGE,471188176,CBomqgIgDXZ,2020-06-19 00:00:00,twitter,,,,therealcatfish123,2020-06-21 06:33:01,@merciojj this stuff happens because people just really want to mix two minorities into a single movement when it would probably just be easier to say they‚Äôre two different movements. They both have COMPLETELY different problems and people from the past knew what was good. When there was the cure AIDS movement they had a whole separate thing for LGBTQ cuz big brain.,,18103693030152245,18060201214231771
309,,2335286453279405529,True,11963,IMAGE,471188176,CBomqgIgDXZ,2020-06-19 00:00:00,twitter,,,,toodleboop,2020-06-21 15:06:26,@merciojj I completely agree with you bringing gender into this is a bad idea because then a gender war could start,1,17892138487556995,18060201214231771
309,,2335286453279405529,True,11963,IMAGE,471188176,CBomqgIgDXZ,2020-06-19 00:00:00,twitter,,,,jujukinks,2020-06-22 15:49:34,"@merciojj you‚Äôre stupid Black Women are more marginalized than Black men, we are not being protected and we‚Äôre suffering. Don‚Äôt make this about you.",,17865745558896661,18060201214231771
309,,2335286453279405529,True,11963,IMAGE,471188176,CBomqgIgDXZ,2020-06-19 00:00:00,twitter,,,,merciojj,2020-06-23 13:53:45,@therealcatfish123 that‚Äôs a valid point. Makes sense to me,,18033459406267470,18060201214231771
309,,2335286453279405529,True,11963,IMAGE,471188176,CBomqgIgDXZ,2020-06-19 00:00:00,twitter,,,,jay_is_one,2020-06-19 23:34:04,Black on black crime must stop,27,17843093873246568,
309,,2335286453279405529,True,11963,IMAGE,471188176,CBomqgIgDXZ,2020-06-19 00:00:00,twitter,,,,elise.mcooper,2020-06-20 00:43:41,@jay_is_one aLL cRiMes mUsT sToP,1,17897631415509120,17843093873246568
309,,2335286453279405529,True,11963,IMAGE,471188176,CBomqgIgDXZ,2020-06-19 00:00:00,twitter,,,,jay_is_one,2020-06-20 00:46:26,@elise.mcooper I know we will never live in a perfect world. Crime will always happen. But black on black crime is out of control,2,17924366020399482,17843093873246568
309,,2335286453279405529,True,11963,IMAGE,471188176,CBomqgIgDXZ,2020-06-19 00:00:00,twitter,,,,elise.mcooper,2020-06-20 00:46:50,@jay_is_one so is police brutality,4,17851277837121705,17843093873246568
309,,2335286453279405529,True,11963,IMAGE,471188176,CBomqgIgDXZ,2020-06-19 00:00:00,twitter,,,,thomaseh03,2020-06-20 01:28:52,"@elise.mcooper not really, the media blows it up. Look at statistics on how many arrests total happen each year and then look at how many cases of ""police brutality"" there is. Or even police involved shootings. Look at actual facts and use statistics to back up your points or don't make them",5,17889226828561642,17843093873246568
309,,2335286453279405529,True,11963,IMAGE,471188176,CBomqgIgDXZ,2020-06-19 00:00:00,twitter,,,,bravoyadent,2020-06-20 06:04:45,@elise.mcooper your response?,,18148528750050058,17843093873246568
309,,2335286453279405529,True,11963,IMAGE,471188176,CBomqgIgDXZ,2020-06-19 00:00:00,twitter,,,,elise.mcooper,2020-06-20 13:58:48,@bravoyadent it‚Äôs above,,17861038441964948,17843093873246568
309,,2335286453279405529,True,11963,IMAGE,471188176,CBomqgIgDXZ,2020-06-19 00:00:00,twitter,,,,bravoyadent,2020-06-20 14:11:34,@elise.mcooper I mean to thomashe03,,17848937756153941,17843093873246568
309,,2335286453279405529,True,11963,IMAGE,471188176,CBomqgIgDXZ,2020-06-19 00:00:00,twitter,,,,elise.mcooper,2020-06-20 14:24:33,@bravoyadent oh sorry i didn‚Äôt realize your username was different,,17887520197580225,17843093873246568
309,,2335286453279405529,True,11963,IMAGE,471188176,CBomqgIgDXZ,2020-06-19 00:00:00,twitter,,,,jay_is_one,2020-06-20 15:26:47,@elise.mcooper ok cool,1,18072434386203570,17843093873246568
309,,2335286453279405529,True,11963,IMAGE,471188176,CBomqgIgDXZ,2020-06-19 00:00:00,twitter,,,,jay_is_one,2020-06-20 15:26:55,@elise.mcooper ok cool,,17967910819312898,17843093873246568
309,,2335286453279405529,True,11963,IMAGE,471188176,CBomqgIgDXZ,2020-06-19 00:00:00,twitter,,,,elise.mcooper,2020-06-20 15:37:40,@jay_is_one you know you can just admit you‚Äôre racist instead of pointing out things that are irrelevant,,17868663193819192,17843093873246568
309,,2335286453279405529,True,11963,IMAGE,471188176,CBomqgIgDXZ,2020-06-19 00:00:00,twitter,,,,trt3l,2020-06-19 23:40:02,But black men naaa,10,18147728146012047,
309,,2335286453279405529,True,11963,IMAGE,471188176,CBomqgIgDXZ,2020-06-19 00:00:00,twitter,,,,elise.mcooper,2020-06-20 00:44:02,@trt3l pro black women isn‚Äôt anti black men,4,17885609749587416,18147728146012047
309,,2335286453279405529,True,11963,IMAGE,471188176,CBomqgIgDXZ,2020-06-19 00:00:00,twitter,,,,trt3l,2020-06-20 00:52:16,@elise.mcooper yh but we should be focussing in black people in whole not just black women,1,17956075903335216,18147728146012047
309,,2335286453279405529,True,11963,IMAGE,471188176,CBomqgIgDXZ,2020-06-19 00:00:00,twitter,,,,elise.mcooper,2020-06-20 00:52:51,@trt3l pro black women isn‚Äôt anti anything else,1,17879456926670297,18147728146012047
309,,2335286453279405529,True,11963,IMAGE,471188176,CBomqgIgDXZ,2020-06-19 00:00:00,twitter,,,,kewin._,2020-06-19 23:45:16,Monkey lives matter,3,17867174872852252,
309,,2335286453279405529,True,11963,IMAGE,471188176,CBomqgIgDXZ,2020-06-19 00:00:00,twitter,,,,deadpilled,2020-06-19 23:50:29,I bet she still won't sleep with William?,1,17878001491689047,
309,,2335286453279405529,True,11963,IMAGE,471188176,CBomqgIgDXZ,2020-06-19 00:00:00,twitter,,,,middle.class.white.kid,2020-06-19 23:52:35,Simp,1,17864113789886247,
309,,2335286453279405529,True,11963,IMAGE,471188176,CBomqgIgDXZ,2020-06-19 00:00:00,twitter,,,,leaves.fed,2020-06-19 23:56:44,I‚Äôd prefer saying no one matters,13,17883201022615706,
309,,2335286453279405529,True,11963,IMAGE,471188176,CBomqgIgDXZ,2020-06-19 00:00:00,twitter,,,,jonoftheweek,2020-06-20 00:05:50,No,5,17862875707905654,
309,,2335286453279405529,True,11963,IMAGE,471188176,CBomqgIgDXZ,2020-06-19 00:00:00,twitter,,,,moreshadythanu,2020-06-20 03:20:59,@jonoftheweek yes,,18092179288175552,17862875707905654
309,,2335286453279405529,True,11963,IMAGE,471188176,CBomqgIgDXZ,2020-06-19 00:00:00,twitter,,,,peachyy.lani,2020-06-20 14:22:33,@jonoftheweek yessir,,18149212687051783,17862875707905654
309,,2335286453279405529,True,11963,IMAGE,471188176,CBomqgIgDXZ,2020-06-19 00:00:00,twitter,,,,sdiri_lyyyna,2020-06-19 23:04:37,üòç üòç üòç üòç,1,17877390658710803,
309,,2335286453279405529,True,11963,IMAGE,471188176,CBomqgIgDXZ,2020-06-19 00:00:00,twitter,,,,braylendustin,2020-06-19 23:05:36,That goes along with black lives matter,8,17931153199380813,
309,,2335286453279405529,True,11963,IMAGE,471188176,CBomqgIgDXZ,2020-06-19 00:00:00,twitter,,,,braylendustin,2020-06-19 23:05:46,@braylendustin dum dum,,17905310461470687,17931153199380813
309,,2335286453279405529,True,11963,IMAGE,471188176,CBomqgIgDXZ,2020-06-19 00:00:00,twitter,,,,___jakeandbake___,2020-06-20 06:35:19,@braylendustin the irony,,18148359121009111,17931153199380813
309,,2335286453279405529,True,11963,IMAGE,471188176,CBomqgIgDXZ,2020-06-19 00:00:00,twitter,,,,jujukinks,2020-06-22 15:49:59,@braylendustin does it reallyü§®,,17931924280379628,17931153199380813
309,,2335286453279405529,True,11963,IMAGE,471188176,CBomqgIgDXZ,2020-06-19 00:00:00,twitter,,,,braylendustin,2020-06-22 16:07:10,@jujukinks yup black women aren‚Äôt white,,17887329238591216,17931153199380813
309,,2335286453279405529,True,11963,IMAGE,471188176,CBomqgIgDXZ,2020-06-19 00:00:00,twitter,,,,jujukinks,2020-06-22 16:09:43,@braylendustin it‚Äôs actually funny,1,17869481035837307,17931153199380813
309,,2335286453279405529,True,11963,IMAGE,471188176,CBomqgIgDXZ,2020-06-19 00:00:00,twitter,,,,brownshet_,2020-06-19 23:05:36,Simp,5,18064912216216786,
309,,2335286453279405529,True,11963,IMAGE,471188176,CBomqgIgDXZ,2020-06-19 00:00:00,twitter,,,,xx_omg.chxlsea_xx,2020-06-19 23:33:59,@brownshet_ howw????,,17877442336712304,18064912216216786
309,,2335286453279405529,True,11963,IMAGE,471188176,CBomqgIgDXZ,2020-06-19 00:00:00,twitter,,,,alberrrt999,2020-06-19 23:59:42,@brownshet_ LMAOOOOOüíÄüíÄüíÄüíÄüò≠üò≠üò≠,,18054091657245602,18064912216216786
309,,2335286453279405529,True,11963,IMAGE,471188176,CBomqgIgDXZ,2020-06-19 00:00:00,twitter,,,,hdesb,2020-06-19 23:05:46,Ok,3,17858305639984227,
309,,2335286453279405529,True,11963,IMAGE,471188176,CBomqgIgDXZ,2020-06-19 00:00:00,twitter,,,,kevinjcovarrubias,2020-06-19 23:06:49,Lol,1,17844780128224728,
309,,2335286453279405529,True,11963,IMAGE,471188176,CBomqgIgDXZ,2020-06-19 00:00:00,twitter,,,,imwyattr,2020-06-19 23:07:29,So men‚Äôs lives don‚Äôt matter?,157,17846998985170448,
309,,2335286453279405529,True,11963,IMAGE,471188176,CBomqgIgDXZ,2020-06-19 00:00:00,twitter,,,,_.sinz,2020-06-19 23:17:05,@imwyattr lmao probably not,11,17870638036769233,17846998985170448
309,,2335286453279405529,True,11963,IMAGE,471188176,CBomqgIgDXZ,2020-06-19 00:00:00,twitter,,,,wetsahil,2020-06-19 23:27:33,@imwyattr men‚Äôs lives matter but yours doesn‚Äôt :),6,18147301567036874,17846998985170448
309,,2335286453279405529,True,11963,IMAGE,471188176,CBomqgIgDXZ,2020-06-19 00:00:00,twitter,,,,kweenkayla_01,2020-06-19 23:29:22,@imwyattr no way did you just say that,1,17880915016654065,17846998985170448
309,,2335286453279405529,True,11963,IMAGE,471188176,CBomqgIgDXZ,2020-06-19 00:00:00,twitter,,,,imwyattr,2020-06-19 23:34:17,@kweenkayla_01 say what?,7,18145882924009976,17846998985170448
309,,2335286453279405529,True,11963,IMAGE,471188176,CBomqgIgDXZ,2020-06-19 00:00:00,twitter,,,,amaha738,2020-06-20 00:57:36,@imwyattr correct. üòå,4,17926877368399352,17846998985170448
309,,2335286453279405529,True,11963,IMAGE,471188176,CBomqgIgDXZ,2020-06-19 00:00:00,twitter,,,,imwyattr,2020-06-20 02:01:19,@amaha738 just so I‚Äôm clear you said men‚Äôs lives don‚Äôt matter or?,,17854679090070898,17846998985170448
309,,2335286453279405529,True,11963,IMAGE,471188176,CBomqgIgDXZ,2020-06-19 00:00:00,twitter,,,,amaha738,2020-06-20 02:44:13,@imwyattr i did. :),,17871741085780569,17846998985170448
309,,2335286453279405529,True,11963,IMAGE,471188176,CBomqgIgDXZ,2020-06-19 00:00:00,twitter,,,,sergiodlcl,2020-06-20 03:21:13,@imwyattr not sure if you guys are just trolling,3,18121789171106697,17846998985170448
309,,2335286453279405529,True,11963,IMAGE,471188176,CBomqgIgDXZ,2020-06-19 00:00:00,twitter,,,,boomkaboom1,2020-06-20 09:12:09,@imwyattr hey so I'm gonna need you to read the tweet and lemme know the line where it says men's lives don't matter,1,17897867458500135,17846998985170448
309,,2335286453279405529,True,11963,IMAGE,471188176,CBomqgIgDXZ,2020-06-19 00:00:00,twitter,,,,endherogaming,2020-06-20 09:29:31,@amaha738 women‚Äôs lives matter. Men‚Äôs lives matter. Non-Binary lives matter. But your life sure doesn‚Äôt matter :),,17918936395425882,17846998985170448
309,,2335286453279405529,True,11963,IMAGE,471188176,CBomqgIgDXZ,2020-06-19 00:00:00,twitter,,,,bubblyjubbly123,2020-06-20 10:21:50,@endherogaming Neither does your life matter,,17897363194519111,17846998985170448
309,,2335286453279405529,True,11963,IMAGE,471188176,CBomqgIgDXZ,2020-06-19 00:00:00,twitter,,,,endherogaming,2020-06-20 10:25:50,@bubblyjubbly123 I know üòé but neither does yours,,18122531137104393,17846998985170448
309,,2335286453279405529,True,11963,IMAGE,471188176,CBomqgIgDXZ,2020-06-19 00:00:00,twitter,,,,m.serranoo,2020-06-20 10:50:54,@endherogaming white life‚Äôs matter 2,1,17880054952659167,17846998985170448
309,,2335286453279405529,True,11963,IMAGE,471188176,CBomqgIgDXZ,2020-06-19 00:00:00,twitter,,,,bubblyjubbly123,2020-06-20 11:29:07,@endherogaming Boom mind blown ü§Ø,,18018329350281264,17846998985170448
309,,2335286453279405529,True,11963,IMAGE,471188176,CBomqgIgDXZ,2020-06-19 00:00:00,twitter,,,,_chrisks,2020-06-20 12:22:28,"@amaha738 and you should kys and I wish your mum dies from corona and your dad from cancer, since if someone likes being toxic I return the favour tenfold",,17918308822418490,17846998985170448
309,,2335286453279405529,True,11963,IMAGE,471188176,CBomqgIgDXZ,2020-06-19 00:00:00,twitter,,,,sharrowbeats,2020-06-20 14:42:52,@imwyattr don't twist the things to wrong meaning,2,17847103904189888,17846998985170448
309,,2335286453279405529,True,11963,IMAGE,471188176,CBomqgIgDXZ,2020-06-19 00:00:00,twitter,,,,jujukinks,2020-06-22 15:46:37,@imwyattr exactly,,17879077744675679,17846998985170448
309,,2335286453279405529,True,11963,IMAGE,471188176,CBomqgIgDXZ,2020-06-19 00:00:00,twitter,,,,itstristanyeah,2020-06-19 23:09:23,People lives matter,29,17842330352269006,
309,,2335286453279405529,True,11963,IMAGE,471188176,CBomqgIgDXZ,2020-06-19 00:00:00,twitter,,,,everydayanthems,2020-06-20 00:19:05,"@itstristanyeah Hopefully Black folks, trans folks and everyone else will feel equal in the years to come! Indeed we believe that all lives *should* matter, but until some big equitable changes are enacted, it's clear that society and police don't think Black lives do!",1,17877179971696977,17842330352269006
309,,2335286453279405529,True,11963,IMAGE,471188176,CBomqgIgDXZ,2020-06-19 00:00:00,twitter,,,,ali_khan0782,2020-06-20 04:29:03,so are you just under the impression that black cops don‚Äôt exist face the facts when you call out an entire group for the actions of individuals you genaralize which is how racism started you aren‚Äôt any better than slave owners when you have the mentality of All cops are bad,,17869255378804892,17842330352269006
309,,2335286453279405529,True,11963,IMAGE,471188176,CBomqgIgDXZ,2020-06-19 00:00:00,twitter,,,,ezgiozyildirim,2020-06-19 23:09:51,Every lives matter üôèüèª,111,18123089770128897,
309,,2335286453279405529,True,11963,IMAGE,471188176,CBomqgIgDXZ,2020-06-19 00:00:00,twitter,,,,mollywelchgames,2020-06-19 23:18:51,@ezgiozyildirim not until black lives matter,23,17852813573094758,18123089770128897
309,,2335286453279405529,True,11963,IMAGE,471188176,CBomqgIgDXZ,2020-06-19 00:00:00,twitter,,,,fayyrrs,2020-06-19 23:56:33,@ezgiozyildirim no,,17862625102937131,18123089770128897
309,,2335286453279405529,True,11963,IMAGE,471188176,CBomqgIgDXZ,2020-06-19 00:00:00,twitter,,,,kittyman45,2020-06-20 00:05:58,@ezgiozyildirim agreed,3,18123166852100772,18123089770128897
309,,2335286453279405529,True,11963,IMAGE,471188176,CBomqgIgDXZ,2020-06-19 00:00:00,twitter,,,,mr.moore_htx,2020-06-20 00:11:18,@mollywelchgames so you‚Äôre saying that every other race is insignificant until one race in particular is given more worth unlike others races. Great job,6,17869414039791008,18123089770128897
309,,2335286453279405529,True,11963,IMAGE,471188176,CBomqgIgDXZ,2020-06-19 00:00:00,twitter,,,,rowellnumber5,2020-06-20 01:19:05,"@ezgiozyildirim we still have to make black lives matter because some people think they don't. So yes, every life matters but right now, everyone is trying to make black lives matter.",2,17932051261376327,18123089770128897
309,,2335286453279405529,True,11963,IMAGE,471188176,CBomqgIgDXZ,2020-06-19 00:00:00,twitter,,,,yolo_riya,2020-06-20 01:45:14,@ezgiozyildirim stop distracting people from the real issue,2,17860965661951925,18123089770128897
309,,2335286453279405529,True,11963,IMAGE,471188176,CBomqgIgDXZ,2020-06-19 00:00:00,twitter,,,,alexstp999,2020-06-20 01:57:20,@mollywelchgames not really,1,17848894910158249,18123089770128897
309,,2335286453279405529,True,11963,IMAGE,471188176,CBomqgIgDXZ,2020-06-19 00:00:00,twitter,,,,100k.yumad,2020-06-20 02:58:32,@fayyrrs so your telling white people doesn‚Äôt matter ü§î,,17865821014882355,18123089770128897
309,,2335286453279405529,True,11963,IMAGE,471188176,CBomqgIgDXZ,2020-06-19 00:00:00,twitter,,,,fayyrrs,2020-06-20 05:32:51,@itsyumad.yt do you see white people being killed because of their skin color? :/,3,18053704240246478,18123089770128897
309,,2335286453279405529,True,11963,IMAGE,471188176,CBomqgIgDXZ,2020-06-19 00:00:00,twitter,,,,100k.yumad,2020-06-20 05:35:36,"@fayyrrs so your telling be that since no white people has been killed, means that their lives don‚Äôt matter, ü§¶‚Äç‚ôÇÔ∏è",1,17892777883548965,18123089770128897
309,,2335286453279405529,True,11963,IMAGE,471188176,CBomqgIgDXZ,2020-06-19 00:00:00,twitter,,,,fayyrrs,2020-06-20 07:54:48,"@itsyumad.yt when did i say that???? white peoples lives have ALWAYS mattered, theyre privileged bc of their skin color. this post is about black people that r being killed for no reason, just bc they have a slightly different skin color!! theyre dying and ure worried ab you n ur white friends, who r perfectly fine????",3,17897228260513273,18123089770128897
309,,2335286453279405529,True,11963,IMAGE,471188176,CBomqgIgDXZ,2020-06-19 00:00:00,twitter,,,,vgcgjkkjbgfrtfff,2020-06-20 13:40:47,"@ezgiozyildirim if one child is dead, should we host the funeral for all his siblings as well.",3,17999938957291590,18123089770128897
309,,2335286453279405529,True,11963,IMAGE,471188176,CBomqgIgDXZ,2020-06-19 00:00:00,twitter,,,,leathereal1,2020-06-20 18:20:11,@ezgiozyildirim not right now,,17867564026830926,18123089770128897
309,,2335286453279405529,True,11963,IMAGE,471188176,CBomqgIgDXZ,2020-06-19 00:00:00,twitter,,,,therealcatfish123,2020-06-21 06:25:11,"@fayyrrs I won‚Äôt go too much into detail but there were and are white minorities, especially in the East(not like Chinese East though).",,17881100566634428,18123089770128897
309,,2335286453279405529,True,11963,IMAGE,471188176,CBomqgIgDXZ,2020-06-19 00:00:00,twitter,,,,playboi.shotta.1,2020-06-19 23:10:15,Cap,4,17867680585838644,
309,,2335286453279405529,True,11963,IMAGE,471188176,CBomqgIgDXZ,2020-06-19 00:00:00,twitter,,,,moreshadythanu,2020-06-20 03:21:12,@vibes_shotta.here no cap,,18148513822044771,17867680585838644
309,,2335286453279405529,True,11963,IMAGE,471188176,CBomqgIgDXZ,2020-06-19 00:00:00,twitter,,,,pablo.dlfnt,2020-06-19 23:10:25,simp,2,17874762313738070,
309,,2335286453279405529,True,11963,IMAGE,471188176,CBomqgIgDXZ,2020-06-19 00:00:00,twitter,,,,shanobie_,2020-06-19 23:11:09,"White womans lives matter
White womans lives matter
White womans lives matter
White womans lives matter",131,17925064615405041,
309,,2335286453279405529,True,11963,IMAGE,471188176,CBomqgIgDXZ,2020-06-19 00:00:00,twitter,,,,justcallmelab_,2020-06-19 23:16:04,"@shanobie_ woah there pal, that sounds REALLY bad you realise",6,17885939194599613,17925064615405041
309,,2335286453279405529,True,11963,IMAGE,471188176,CBomqgIgDXZ,2020-06-19 00:00:00,twitter,,,,orangemild,2020-06-19 23:16:23,@shanobie_ edgy,7,18058530061236520,17925064615405041
309,,2335286453279405529,True,11963,IMAGE,471188176,CBomqgIgDXZ,2020-06-19 00:00:00,twitter,,,,shanobie_,2020-06-19 23:17:07,@justcallmelab_ i know right....its almost like if its racist favouring one race over another. Should tell that to twitter üëçüèª,22,17860356112968843,17925064615405041
309,,2335286453279405529,True,11963,IMAGE,471188176,CBomqgIgDXZ,2020-06-19 00:00:00,twitter,,,,justcallmelab_,2020-06-19 23:27:22,@shanobie_ bruh. It literally is racist.,4,18147379771044289,17925064615405041
309,,2335286453279405529,True,11963,IMAGE,471188176,CBomqgIgDXZ,2020-06-19 00:00:00,twitter,,,,shanobie_,2020-06-19 23:31:48,@justcallmelab_ ikr üòè,4,17844050948220484,17925064615405041
309,,2335286453279405529,True,11963,IMAGE,471188176,CBomqgIgDXZ,2020-06-19 00:00:00,twitter,,,,shanobie_,2020-06-19 23:32:25,@orangemild super edgy McEdgeLord,4,17870875783793733,17925064615405041
309,,2335286453279405529,True,11963,IMAGE,471188176,CBomqgIgDXZ,2020-06-19 00:00:00,twitter,,,,_iva_mailboy_,2020-06-19 23:33:00,@shanobie_ ü§°,2,17874138769739651,17925064615405041
309,,2335286453279405529,True,11963,IMAGE,471188176,CBomqgIgDXZ,2020-06-19 00:00:00,twitter,,,,shanobie_,2020-06-19 23:34:38,@_iva_mailboy_ ü§°üåé is right üëåüèª,3,17849877116118116,17925064615405041
309,,2335286453279405529,True,11963,IMAGE,471188176,CBomqgIgDXZ,2020-06-19 00:00:00,twitter,,,,jonoftheweek,2020-06-20 00:06:24,@justcallmelab_ nah,1,17895433186524064,17925064615405041
309,,2335286453279405529,True,11963,IMAGE,471188176,CBomqgIgDXZ,2020-06-19 00:00:00,twitter,,,,pismxn,2020-06-20 00:14:04,@shanobie_ ok karen,2,17895317197520187,17925064615405041
309,,2335286453279405529,True,11963,IMAGE,471188176,CBomqgIgDXZ,2020-06-19 00:00:00,twitter,,,,itsrandev,2020-06-20 00:19:53,@shanobie_ right because white women totally don‚Äôt set beauty standards and are looked down upon are they,7,17953282510340910,17925064615405041
309,,2335286453279405529,True,11963,IMAGE,471188176,CBomqgIgDXZ,2020-06-19 00:00:00,twitter,,,,patches53,2020-06-20 00:34:30,@shanobie_ Hell yeah.,1,17924384986410024,17925064615405041
309,,2335286453279405529,True,11963,IMAGE,471188176,CBomqgIgDXZ,2020-06-19 00:00:00,twitter,,,,superxpaul,2020-06-20 01:58:07,@shanobie_ White Privilege doesn‚Äôt matter!,1,17923879030409226,17925064615405041
309,,2335286453279405529,True,11963,IMAGE,471188176,CBomqgIgDXZ,2020-06-19 00:00:00,twitter,,,,___jakeandbake___,2020-06-20 03:25:09,@justcallmelab_ lol how‚Äôs it racist to say whites women‚Äôs lives matter. It would be racist to say they don‚Äôt,3,17903623375477209,17925064615405041
309,,2335286453279405529,True,11963,IMAGE,471188176,CBomqgIgDXZ,2020-06-19 00:00:00,twitter,,,,that.70s.dudee,2020-06-20 03:34:54,No,,17858484275005155,17925064615405041
309,,2335286453279405529,True,11963,IMAGE,471188176,CBomqgIgDXZ,2020-06-19 00:00:00,twitter,,,,mr.hiyashirabbit,2020-06-20 05:57:35,@shanobie_ the world already white women so ok,,17957309302322372,17925064615405041
309,,2335286453279405529,True,11963,IMAGE,471188176,CBomqgIgDXZ,2020-06-19 00:00:00,twitter,,,,mr.hiyashirabbit,2020-06-20 05:58:02,@___jakeandbake___ they already matter so,,17856409706043920,17925064615405041
309,,2335286453279405529,True,11963,IMAGE,471188176,CBomqgIgDXZ,2020-06-19 00:00:00,twitter,,,,___jakeandbake___,2020-06-20 05:58:59,@sir.devilrabbit so do black women?,,18058679773233528,17925064615405041
309,,2335286453279405529,True,11963,IMAGE,471188176,CBomqgIgDXZ,2020-06-19 00:00:00,twitter,,,,mr.hiyashirabbit,2020-06-20 06:02:49,@___jakeandbake___ you're the one that commented it would be racist to say they don't so I told you they already matter in society eyes more than black women anyways,,17862847567905468,17925064615405041
309,,2335286453279405529,True,11963,IMAGE,471188176,CBomqgIgDXZ,2020-06-19 00:00:00,twitter,,,,___jakeandbake___,2020-06-20 06:03:23,"@sir.devilrabbit I don‚Äôt think so, I think they both matter the same",,17886239317605805,17925064615405041
309,,2335286453279405529,True,11963,IMAGE,471188176,CBomqgIgDXZ,2020-06-19 00:00:00,twitter,,,,___jakeandbake___,2020-06-20 06:04:14,@sir.devilrabbit why are you saying black women matter less?,,17876338702729401,17925064615405041
309,,2335286453279405529,True,11963,IMAGE,471188176,CBomqgIgDXZ,2020-06-19 00:00:00,twitter,,,,mr.hiyashirabbit,2020-06-20 06:04:27,@___jakeandbake___ not in societies eyes,,17878425667666852,17925064615405041
309,,2335286453279405529,True,11963,IMAGE,471188176,CBomqgIgDXZ,2020-06-19 00:00:00,twitter,,,,___jakeandbake___,2020-06-20 06:05:03,@sir.devilrabbit that‚Äôs a fairly subject thing to talk about as if it were fact,,17870079256788307,17925064615405041
309,,2335286453279405529,True,11963,IMAGE,471188176,CBomqgIgDXZ,2020-06-19 00:00:00,twitter,,,,___jakeandbake___,2020-06-20 06:05:25,@___jakeandbake___ subjective *,,17866622149876965,17925064615405041
309,,2335286453279405529,True,11963,IMAGE,471188176,CBomqgIgDXZ,2020-06-19 00:00:00,twitter,,,,___jakeandbake___,2020-06-20 06:06:47,@sir.devilrabbit I‚Äôm sure a large portion of society agrees with me and thinks everyone‚Äôs life matters and everyone deserves equal opportunity,,17850383135125243,17925064615405041
309,,2335286453279405529,True,11963,IMAGE,471188176,CBomqgIgDXZ,2020-06-19 00:00:00,twitter,,,,mr.hiyashirabbit,2020-06-20 06:10:09,@___jakeandbake___ ok but the whole point of the movement is for black people around the world to be on a equal standing with everyone,,17883084517627618,17925064615405041
309,,2335286453279405529,True,11963,IMAGE,471188176,CBomqgIgDXZ,2020-06-19 00:00:00,twitter,,,,___jakeandbake___,2020-06-20 06:13:57,@sir.devilrabbit what do you mean by equal standing exactly? Because to me people are just people,,17860381864971112,17925064615405041
309,,2335286453279405529,True,11963,IMAGE,471188176,CBomqgIgDXZ,2020-06-19 00:00:00,twitter,,,,mr.hiyashirabbit,2020-06-20 06:15:45,@___jakeandbake___ equal as in not being demonized by people that's what I mean,1,18149092231051268,17925064615405041
309,,2335286453279405529,True,11963,IMAGE,471188176,CBomqgIgDXZ,2020-06-19 00:00:00,twitter,,,,___jakeandbake___,2020-06-20 06:18:23,@sir.devilrabbit oh. Well I feel like every race and culture gets demonised through stereotypes and misconceptions though. Like what‚Äôs happening to white Americans where people assume they‚Äôre racist or someone might assume an Arabian is a terrorist etc. I personally think the big issue is how the police treat the black community,,17871923383774715,17925064615405041
309,,2335286453279405529,True,11963,IMAGE,471188176,CBomqgIgDXZ,2020-06-19 00:00:00,twitter,,,,mr.hiyashirabbit,2020-06-20 06:26:15,@___jakeandbake___ yeah because of thing a certain amount of people from culture did something they think the whole culture is like that. Which in my eyes is straight ignorant which I do agree people should treat people like people but that's not gonna happen if people teach stuff like hate towards a certain group of people,1,17883295168619649,17925064615405041
309,,2335286453279405529,True,11963,IMAGE,471188176,CBomqgIgDXZ,2020-06-19 00:00:00,twitter,,,,shanobie_,2020-06-20 07:35:43,@superxpaul black privilege doesn‚Äôt matter,1,18123203323096448,17925064615405041
309,,2335286453279405529,True,11963,IMAGE,471188176,CBomqgIgDXZ,2020-06-19 00:00:00,twitter,,,,mr.hiyashirabbit,2020-06-20 10:06:19,@___jakeandbake___ why did you try to turn the tables saying I think black women lives matter less,,17915005591439351,17925064615405041
309,,2335286453279405529,True,11963,IMAGE,471188176,CBomqgIgDXZ,2020-06-19 00:00:00,twitter,,,,___jakeandbake___,2020-06-20 13:19:34,"@sir.devilrabbit also why can you never properly address my points, do you agree or disagree and why?",,17909176474457098,17925064615405041
309,,2335286453279405529,True,11963,IMAGE,471188176,CBomqgIgDXZ,2020-06-19 00:00:00,twitter,,,,mr.hiyashirabbit,2020-06-20 16:20:01,@___jakeandbake___ some of your comments didn't show up so im addressing the one's I'm just now seeing,,17879892859659208,17925064615405041
309,,2335286453279405529,True,11963,IMAGE,471188176,CBomqgIgDXZ,2020-06-19 00:00:00,twitter,,,,___jakeandbake___,2020-06-20 16:47:15,@sir.devilrabbit but it literally went that I replied then you replied then I replied,,17846129234184378,17925064615405041
309,,2335286453279405529,True,11963,IMAGE,471188176,CBomqgIgDXZ,2020-06-19 00:00:00,twitter,,,,torrtor_,2020-06-20 17:22:13,@shanobie_ you missed the point,1,17851788002092702,17925064615405041
309,,2335286453279405529,True,11963,IMAGE,471188176,CBomqgIgDXZ,2020-06-19 00:00:00,twitter,,,,leathereal1,2020-06-20 18:23:02,@shanobie_ their lives are okay. I know their not struggling with money. They don't have trouble roaming the area without people judging them. And I know I know they have tobworry about where their meals are coming or what will thy do after collee,,17851424384094659,17925064615405041
309,,2335286453279405529,True,11963,IMAGE,471188176,CBomqgIgDXZ,2020-06-19 00:00:00,twitter,,,,leathereal1,2020-06-20 18:23:08,@leathereal1 college,,17931561253389444,17925064615405041
309,,2335286453279405529,True,11963,IMAGE,471188176,CBomqgIgDXZ,2020-06-19 00:00:00,twitter,,,,leathereal1,2020-06-20 18:23:38,@shanobie_ lemme translate: white privilege lives matter.,1,17862990853917751,17925064615405041
309,,2335286453279405529,True,11963,IMAGE,471188176,CBomqgIgDXZ,2020-06-19 00:00:00,twitter,,,,shanobie_,2020-06-20 18:50:57,@leathereal1 no such thing as white privilege üëçüèª,,17865654049889891,17925064615405041
309,,2335286453279405529,True,11963,IMAGE,471188176,CBomqgIgDXZ,2020-06-19 00:00:00,twitter,,,,a_human_named_liam,2020-06-20 19:25:06,@shanobie_ simp,,17858489605987655,17925064615405041
309,,2335286453279405529,True,11963,IMAGE,471188176,CBomqgIgDXZ,2020-06-19 00:00:00,twitter,,,,shanobie_,2020-06-20 19:25:22,@a_human_named_liam gimp,,17899076941492947,17925064615405041
309,,2335286453279405529,True,11963,IMAGE,471188176,CBomqgIgDXZ,2020-06-19 00:00:00,twitter,,,,kaneshaveli,2020-06-21 02:14:29,@shanobie_ oh we know trust me,,17856944639024795,17925064615405041
309,,2335286453279405529,True,11963,IMAGE,471188176,CBomqgIgDXZ,2020-06-19 00:00:00,twitter,,,,jujukinks,2020-06-22 15:47:16,@shanobie_ they literally don‚Äôt???,3,18115979929126824,17925064615405041
309,,2335286453279405529,True,11963,IMAGE,471188176,CBomqgIgDXZ,2020-06-19 00:00:00,twitter,,,,dante.tracy,2020-06-19 23:12:01,Yessir twitter speaking fax,6,18071684515202972,
309,,2335286453279405529,True,11963,IMAGE,471188176,CBomqgIgDXZ,2020-06-19 00:00:00,twitter,,,,sobathenoodle,2020-06-19 23:12:28,Ok,1,17850774857103679,
309,,2335286453279405529,True,11963,IMAGE,471188176,CBomqgIgDXZ,2020-06-19 00:00:00,twitter,,,,hhvhccc,2020-06-19 23:12:45,?,1,17868526288823129,
